,Domain,Have_IP,Have_At,URL_Length,URL_Depth,Redirection,https_Domain,TinyURL,Prefix_Suffix,DNS_Record,Web_Traffic,Domain_Age,Domain_End,iFrame,Mouse_Over,Right_Click,Web_Forwards,Label
0,asesoresvelfit.com,0,0,0,3,0,0,1,0,1,0,1,1,1,1,1,1,1
1,hissoulreason.com,0,0,0,4,0,0,0,0,1,0,1,1,1,1,1,1,1
2,unauthorizd.newebpage.com,0,0,0,3,0,0,0,0,1,0,1,1,1,1,1,1,1
3,133.130.103.10,0,0,0,2,0,0,0,0,1,0,1,1,1,1,1,1,1
4,dj00.co.vu,0,1,1,1,1,0,0,0,1,0,1,1,1,1,1,1,1
5,133.130.103.10,0,0,0,3,0,0,0,0,1,0,1,1,1,1,1,1,1
6,httpssicredi.esy.es,0,0,1,5,0,1,0,0,1,0,1,1,1,1,1,1,1
7,gamesaty.ga,0,0,1,3,1,0,0,0,1,0,1,1,0,0,1,0,1
8,luxuryupgradepro.com,0,0,0,3,0,0,0,0,1,0,1,1,0,0,1,0,1
9,133.130.103.10,0,0,0,2,0,0,0,0,1,0,1,1,1,1,1,1,1
10,133.130.103.10,0,0,1,6,0,0,0,0,1,0,1,1,1,1,1,1,1
11,"smscaixaacesso.hol.es
",0,0,0,0,0,0,0,0,1,0,1,1,1,1,1,1,1
12,133.130.103.10,0,0,0,3,0,0,0,0,1,0,1,1,1,1,1,1,1
13,tinyurl.com,0,0,0,1,0,0,1,0,1,0,1,1,0,0,1,0,1
14,wrightlandscapes.org,0,0,0,3,0,0,0,0,1,0,1,1,1,1,1,1,1
15,mautic.eto-cms.ru,0,0,1,5,0,0,0,1,1,0,1,1,1,1,1,1,1
16,ginatringali.com,0,0,1,5,1,0,0,0,1,0,1,1,1,1,1,1,1
17,staticmail.000webhostapp.com,0,0,0,1,0,0,0,0,1,0,1,1,0,0,1,0,1
18,umeda.com.br,0,0,0,4,0,0,0,0,1,0,1,1,0,0,1,0,1
19,krishworldwide.com,0,0,1,5,0,0,0,0,1,0,1,1,0,0,1,0,1
20,yahoo.co.in,0,0,1,1,0,0,0,0,1,0,1,1,0,0,1,1,1
21,avcc.ac.in,0,0,0,4,0,0,0,0,1,0,1,1,0,0,1,0,1
22,craig-hallum.ga,0,0,0,3,0,0,0,1,1,0,1,1,1,1,1,1,1
23,verification-mobile-nab.com,0,0,1,4,0,0,0,1,1,0,1,1,1,1,1,1,1
24,verification-mobile-nab.com,0,0,1,4,0,0,0,1,1,0,1,1,1,1,1,1,1
25,justpiddlinboutique.com,0,0,0,2,0,0,0,0,1,0,1,1,1,1,1,1,1
26,vcsolutionscorp.com,0,0,0,2,0,0,0,0,1,0,1,1,1,1,1,1,1
27,almasur.com,0,0,0,4,0,0,0,0,1,0,1,1,1,1,1,1,1
28,asesoresvelfit.com,0,0,0,4,0,0,1,0,1,0,1,1,1,1,1,1,1
29,getpeopleplus.com,0,0,1,4,0,0,0,0,1,0,1,1,1,1,1,1,1
30,taeamigo.com,0,0,0,4,0,0,0,0,1,0,1,1,0,0,1,0,1
31,elmundo-latino.com,0,0,0,2,0,0,0,1,1,0,1,1,1,1,1,1,1
32,sociopremiosedescontos.com,0,0,0,2,0,0,0,0,1,0,1,1,1,1,1,1,1
33,"cartaopremiadosicoob.com
",0,0,0,0,0,0,0,0,1,0,1,1,1,1,1,1,1
34,ms-0ffice365supportplanquota.us.com0203499083934.elegantvapour.co.uk,0,0,1,5,0,0,0,1,1,0,1,1,1,1,1,1,1
35,travrica.com,0,0,0,3,0,0,0,0,1,0,1,1,0,0,1,0,1
36,system-tnc.esy.es,0,0,1,1,0,0,0,1,1,0,1,1,1,1,1,1,1
37,sandralucashyde.org,0,0,1,3,0,0,0,0,1,0,1,1,0,0,1,0,1
38,alexanderpetricek.com,0,0,1,4,0,0,0,0,1,0,1,1,1,1,1,1,1
39,di15.co.vu,0,0,1,1,1,0,0,0,1,0,1,1,1,1,1,1,1
40,sicredisms.ignitiondomain.com,0,0,1,4,0,0,0,0,1,0,1,1,1,1,1,1,1
41,rajspaces.com,0,0,1,4,0,0,0,0,1,0,1,1,1,1,1,1,1
42,fb-systemapps.esy.es,0,0,1,1,0,0,0,1,1,0,1,1,1,1,1,1,1
43,signin-activitysupport.helpcenter-supportfraudsignin.com,0,0,1,4,0,0,0,1,1,0,1,1,1,1,1,1,1
44,citadelchurchjax.com,0,0,1,5,0,0,1,0,1,0,1,1,0,0,1,0,1
45,pradochaui.com.br,0,0,0,2,0,0,0,0,1,0,1,1,0,0,1,0,1
46,simnokomun.lt,0,0,1,6,0,0,0,0,1,0,1,1,0,0,1,0,1
47,di11.co.vu,0,0,1,1,1,0,0,0,1,0,1,1,1,1,1,1,1
48,alligator.site,0,0,1,5,0,0,0,0,1,0,1,1,1,1,1,1,1
49,tinyurl.com,0,0,0,1,0,0,1,0,1,0,1,1,0,0,1,0,1
50,tinyurl.com,0,0,0,1,0,0,1,0,1,0,1,1,0,0,1,0,1
51,tr.im,0,0,0,1,0,0,1,0,1,0,1,1,0,0,1,0,1
52,gommetermiche.it,0,0,1,4,0,0,0,0,1,0,1,1,1,1,1,1,1
53,indonesianwonderagate.com,0,0,1,2,0,0,1,0,1,0,1,1,1,1,1,1,1
54,tinyurl.com,0,0,0,1,0,0,1,0,1,0,1,1,0,0,1,0,1
55,consultafgts.esy.es,0,0,0,1,0,0,0,0,1,0,1,1,1,1,1,1,1
56,ultrakoz.com,0,0,1,3,0,0,0,0,1,0,1,1,0,0,1,0,1
57,blackabba.com,0,0,0,3,0,0,0,0,1,0,1,1,1,1,1,1,1
58,carretroller.com.br,0,0,0,2,0,0,0,0,1,0,1,1,1,1,1,1,1
59,mamujutengahkab.go.id,0,0,1,3,0,0,0,0,1,0,1,1,0,0,1,0,1
60,sandralucashyde.org,0,0,1,3,0,0,0,0,1,0,1,1,0,0,1,0,1
61,extratoinativos.com,0,0,0,2,0,0,0,0,1,0,1,1,1,1,1,1,1
62,consultar-fgts.com,0,0,0,1,0,0,0,1,1,0,1,1,1,1,1,1,1
63,portal-consultafgts.com,0,0,1,4,0,0,0,1,1,0,1,1,1,1,1,1,1
64,ni1232966-3.web20.nitrado.hosting,0,0,1,3,0,0,0,1,1,0,1,1,1,1,1,1,1
65,fgtsliberacao.com,0,0,0,1,0,0,0,0,1,0,1,1,1,1,1,1,1
66,jokextreme.com,0,0,1,2,0,0,0,0,1,0,1,1,1,1,1,1,1
67,fb-safetyhelp.esy.es,0,0,1,1,0,0,0,1,1,0,1,1,1,1,1,1,1
68,fb-securitypolicy101inc.esy.es,0,0,1,1,0,0,0,1,1,0,1,1,1,1,1,1,1
69,fb-securityaccountlogincheck808.esy.es,0,0,1,1,0,0,0,1,1,0,1,1,1,1,1,1,1
70,laghaimrevolution.com,0,0,0,3,0,0,0,0,1,0,1,1,0,0,1,0,1
71,settings-acct024631.esy.es,0,0,1,1,0,0,0,1,1,0,1,1,1,1,1,1,1
72,horizongarments.com,0,0,0,2,0,0,0,0,1,0,1,1,0,0,1,0,1
73,shittyurl.org,0,0,0,1,0,0,0,0,1,0,1,1,1,1,1,1,1
74,ni1232966-4.web16.nitrado.hosting,0,0,0,3,0,0,0,1,1,0,1,1,1,1,1,1,1
75,system-support-il.hol.es,0,0,0,1,0,0,0,1,1,0,1,1,1,1,1,1,1
76,ow.ly,0,0,0,1,0,0,1,0,1,0,1,1,0,0,1,0,1
77,"caixaservicosonline.epizy.com
",0,0,0,0,0,0,0,0,1,0,1,1,1,1,1,1,1
78,sandralucashyde.org,0,0,1,3,0,0,0,0,1,0,1,1,0,0,1,0,1
79,anniey06l5.myjino.ru,0,1,1,6,0,0,0,0,1,0,1,1,1,1,1,1,1
80,supportt-team.com,0,0,0,3,0,0,0,1,1,0,1,1,1,1,1,1,1
81,forms.zohopublic.com,0,0,1,5,0,0,0,0,1,0,1,1,0,0,1,0,1
82,surveybuilder.com,0,0,0,3,0,0,0,0,1,0,1,1,1,1,1,1,1
83,a.doko.moe,0,0,0,1,0,0,0,0,1,0,1,1,1,1,1,1,1
84,forms.zohopublic.com,0,0,1,5,0,0,0,0,1,0,1,1,0,0,1,0,1
85,muththamizh.com,0,0,0,3,0,0,0,0,1,0,1,1,0,0,1,0,1
86,cortazarurdaneta.com,0,0,1,3,0,0,0,0,1,0,1,1,0,0,1,0,1
87,chasebankusa.paradisepaymentgold.com,0,0,1,3,0,0,0,0,1,0,1,1,1,1,1,1,1
88,briut.fruitfuldemo.com,0,0,0,1,0,0,0,0,1,0,1,1,1,1,1,1,1
89,afraniorodriguezrosero.com,0,0,1,4,0,0,0,0,1,0,1,1,1,1,1,1,1
90,recovery-account-fb.hol.es,0,0,1,1,0,0,0,1,1,0,1,1,1,1,1,1,1
91,verification-members.net,0,0,0,3,0,0,0,1,1,0,1,1,1,1,1,1,1
92,rajspaces.com,0,0,1,5,0,0,0,0,1,0,1,1,1,1,1,1,1
93,"promocao-sicoob.cf
",0,0,0,0,0,0,0,1,1,0,1,1,1,1,1,1,1
94,secure-fbpages-notification.com,0,0,0,1,0,0,0,1,1,0,1,1,1,1,1,1,1
95,olcmeapp.com,0,0,0,2,0,0,0,0,1,0,1,1,1,1,1,1,1
96,support-110048480a.esy.es,0,0,0,2,0,0,0,1,1,0,1,1,1,1,1,1,1
97,lesaventuriersvoyageurs.com,0,0,1,2,0,0,0,0,1,0,1,1,0,0,1,0,1
98,restauracjagreenpepper.pl,0,0,1,3,1,0,0,0,1,0,1,1,1,1,1,1,1
99,scs-network.com,0,0,0,2,0,0,0,1,1,0,1,1,0,0,1,0,1
100,redux.news,0,0,0,3,0,0,0,0,1,0,1,1,1,1,1,1,1
101,cmfidouala.org,0,0,0,3,0,0,0,0,1,0,1,1,1,1,1,1,1
102,olcmeapp.com,0,0,0,2,0,0,0,0,1,0,1,1,1,1,1,1,1
103,livewellprojects.com,0,0,0,3,0,0,0,0,1,0,1,1,1,1,1,1,1
104,"attnethelp.webnode.com
",0,0,0,0,0,0,0,0,1,0,1,1,1,1,1,1,1
105,tinyurl.com,0,0,0,1,0,0,1,0,1,0,1,1,0,0,1,0,1
106,ridinghouseindia.com,0,0,0,2,0,0,0,0,1,0,1,1,0,0,1,0,1
107,amethystia.com,0,0,0,2,0,0,0,0,1,0,1,1,0,0,1,0,1
108,paialowereasterncherokeenationsc.com,0,0,1,2,0,0,0,0,1,0,1,1,0,0,1,0,1
109,cover-acct06437.esy.es,0,0,1,1,0,0,0,1,1,0,1,1,1,1,1,1,1
110,aharsntenetsrelsioncustomizedia.com,0,0,1,2,0,0,0,0,1,0,1,1,1,1,1,1,1
111,safety-acct-003342.esy.es,0,0,1,1,0,0,0,1,1,0,1,1,1,1,1,1,1
112,dressesmela.com,0,0,0,2,1,0,0,0,1,0,1,1,0,0,1,0,1
113,"sicredisic.com.br
",0,0,0,0,0,0,0,0,1,0,1,1,1,1,1,1,1
114,31.220.111.56,0,0,0,2,0,0,0,0,1,0,1,1,0,0,1,0,1
115,kuswanto.co.id,0,0,0,3,0,0,0,0,1,0,1,1,1,1,1,1,1
116,formcrafts.com,0,0,0,2,0,0,0,0,1,0,1,1,0,0,1,0,1
117,mattewfisher1.000webhostapp.com,0,0,1,4,0,0,0,0,1,0,1,1,0,0,1,0,1
118,singandvoice.com,0,0,0,1,0,0,0,0,1,0,1,1,1,1,1,1,1
119,sententia.com.ar,0,0,0,3,0,0,0,0,1,0,1,1,1,1,1,1,1
120,149.56.201.163,0,0,0,2,0,0,0,0,1,0,1,1,1,1,1,1,1
121,web-designing-india.org,0,0,0,3,0,0,0,1,1,0,1,1,1,0,1,0,1
122,54.157.20.99,0,0,0,1,0,0,0,0,1,0,1,1,1,1,1,1,1
123,sea.com.sa,0,0,1,4,0,0,0,0,1,0,1,1,0,0,1,0,1
124,zogheb.com,0,0,0,2,0,0,0,0,1,0,1,1,0,0,1,0,1
125,fgtscontasinativas.online,0,0,0,1,0,0,0,0,1,0,1,1,1,1,1,1,1
126,consultasinvativasfgts.com,0,0,0,1,0,0,0,0,1,0,1,1,1,1,1,1,1
127,extratofgtsonline.com,0,0,0,1,0,0,0,0,1,0,1,1,1,1,1,1,1
128,store2.apple.ch.email-forwarding.webstore.websis.info,0,0,1,3,0,0,0,1,1,0,1,1,1,1,1,1,1
129,citadelchurchjax.com,0,0,1,5,0,0,1,0,1,0,1,1,0,0,1,0,1
130,peloclub.com,0,0,1,6,0,0,0,0,1,0,1,1,1,1,1,1,1
131,innovi.cc,0,0,1,3,0,0,0,0,1,0,1,1,1,1,1,1,1
132,momsweetmoms.com,0,0,0,4,0,0,0,0,1,0,1,1,1,1,1,1,1
133,samanesang.com,0,0,1,5,0,0,0,0,1,0,1,1,1,1,1,1,1
134,store2.apple.ch.email-forwarding.webstore.websis.info,0,0,1,2,0,0,0,1,1,0,1,1,1,1,1,1,1
135,suisscards-ch.elecapponline.net,0,0,0,3,0,0,0,1,1,0,1,1,1,1,1,1,1
136,store2.apple.ch.email-forwarding.webstore.websis.info,0,0,1,2,0,0,0,1,1,0,1,1,1,1,1,1,1
137,asa-direct.ru,0,0,0,6,0,0,0,1,1,0,1,1,1,1,1,1,1
138,pascasarjana.uniba-bpn.ac.id,0,0,1,4,0,0,0,1,1,0,1,1,0,0,1,0,1
139,hb.redllink.com,0,0,0,3,0,0,0,0,1,0,1,1,1,1,1,1,1
140,hb.redllink.com,0,0,1,3,0,0,0,0,1,0,1,1,1,1,1,1,1
141,xenangdaiduong.com.vn,0,0,0,3,0,0,0,0,1,0,1,1,0,0,1,0,1
142,tizianabeauty.ch,0,0,1,11,0,0,0,0,1,0,1,1,1,1,1,1,1
143,zemindar.lt,0,0,1,4,0,0,0,0,1,0,1,1,0,0,1,0,1
144,crielv.com.br,0,0,0,2,0,0,0,0,1,0,1,1,0,0,1,0,1
145,sagittariusglobal.com,0,0,1,4,1,0,0,0,1,0,1,1,0,0,1,0,1
146,sagittariusglobal.com,0,0,1,4,1,0,0,0,1,0,1,1,0,0,1,0,1
147,goo.gl,0,0,0,1,0,0,1,0,1,0,1,1,0,0,1,0,1
148,abuv.com.br,0,0,1,4,0,0,0,0,1,0,1,1,1,1,1,1,1
149,voetudoazul.serveuser.com,0,0,1,2,0,0,0,0,1,0,1,1,0,0,1,0,1
150,rustmaster.com.br,0,0,0,2,0,0,0,0,1,0,1,1,1,1,1,1,1
151,rustmaster.com.br,0,0,0,2,0,0,0,0,1,0,1,1,1,1,1,1,1
152,30horasdigital.myvnc.com,0,0,1,2,0,0,0,0,1,0,1,1,1,1,1,1,1
153,i-house.se,0,0,1,2,0,0,0,1,1,0,1,1,0,0,1,0,1
154,prayogispl.in,0,0,0,2,0,0,0,0,1,0,1,1,1,1,1,1,1
155,zdcp.org,0,0,1,4,0,0,0,0,1,0,1,1,1,1,1,1,1
156,celebrapack.com,0,0,0,4,0,0,0,0,1,0,1,1,1,1,1,1,1
157,hyperbay.net,0,0,1,6,0,0,0,0,1,0,1,1,1,1,1,1,1
158,thehotelmanagment.com,0,0,0,2,0,0,1,0,1,0,1,1,1,1,1,1,1
159,binary-project.com,0,0,0,4,0,0,1,1,1,0,1,1,0,0,1,0,1
160,abuv.com.br,0,0,1,4,0,0,0,0,1,0,1,1,1,1,1,1,1
161,cover-acct09964.esy.es,0,0,1,1,0,0,0,1,1,0,1,1,1,1,1,1,1
162,academica.pt,0,0,0,2,0,0,0,0,1,0,1,1,0,0,1,0,1
163,kalempong-fb01.esy.es,0,0,1,1,0,0,0,1,1,0,1,1,1,1,1,1,1
164,dujanapublicschool.com,0,0,1,14,0,0,0,0,1,0,1,1,1,1,1,1,1
165,abuv.com.br,0,0,1,4,0,0,0,0,1,0,1,1,1,1,1,1,1
166,paialowereasterncherokeenationsc.com,0,0,1,2,0,0,0,0,1,0,1,1,0,0,1,0,1
167,abuv.com.br,0,0,1,4,0,0,0,0,1,0,1,1,1,1,1,1,1
168,34.201.92.123,0,0,0,1,0,0,0,0,1,0,1,1,1,1,1,1,1
169,149.56.144.216,0,0,0,1,0,0,0,0,1,0,1,1,1,1,1,1,1
170,jose200495fgts.com,0,0,0,1,0,0,0,0,1,0,1,1,1,1,1,1,1
171,34.224.68.176,0,0,0,1,0,0,0,0,1,0,1,1,1,1,1,1,1
172,"consultasaldossl.com
",0,0,0,0,0,0,0,0,1,0,1,1,1,1,1,1,1
173,"meusaldos.com
",0,0,0,0,0,0,0,0,1,0,1,1,1,1,1,1,1
174,fgts-mobile.com,0,0,0,1,0,0,0,1,1,0,1,1,1,1,1,1,1
175,fgts.mobi,0,0,0,1,0,0,0,0,1,0,1,1,1,1,1,1,1
176,aolonlineservices.cba.pl,0,0,0,1,0,0,0,0,1,0,1,1,0,0,1,0,1
177,caixa.extratofgtsliberados2017.com,0,0,1,2,0,0,0,0,1,0,1,1,1,1,1,1,1
178,webmailupgrade-001-site1.itempurl.com,0,0,1,3,0,0,0,1,1,0,1,1,1,1,1,1,1
179,scs-network.com,0,0,0,2,0,0,0,1,1,0,1,1,0,0,1,0,1
180,shittyurl.org,0,0,0,1,0,0,0,0,1,0,1,1,0,0,1,0,1
181,ronin.com.pk,0,0,0,2,0,0,0,0,1,0,1,1,0,0,1,0,1
182,raik.hub-web.com,0,0,1,2,0,0,0,1,1,0,1,1,0,0,1,0,1
183,provoliprints.gr,0,0,0,2,0,0,0,0,1,0,1,1,0,0,1,0,1
184,service-info-dk.hol.es,0,0,0,1,0,0,0,1,1,0,1,1,1,1,1,1,1
185,goepsa.com,0,0,0,3,0,0,0,0,1,0,1,1,0,0,1,0,1
186,tinyurl.com,0,0,0,1,0,0,1,0,1,0,1,1,0,0,1,0,1
187,dh16.co.vu,0,0,1,1,1,0,0,0,1,0,1,1,1,1,1,1,1
188,kontuit-fb01.esy.es,0,0,1,1,0,0,0,1,1,0,1,1,1,1,1,1,1
189,hunmumu.com,0,0,0,3,0,0,0,0,1,0,1,1,1,1,1,1,1
190,ctrl4enviro.com,0,1,1,8,0,0,0,0,1,0,1,1,0,0,1,0,1
191,wwp-cartasi-titoari-portale-sicreuzza-2017.dynamic-dns.net,0,0,1,2,0,0,0,1,1,0,1,1,0,0,1,0,1
192,communitysicurezza.3mitalia.it,0,0,1,7,0,0,0,0,1,0,1,1,0,0,1,1,1
193,kustomfloordesigns.com,0,0,0,2,0,0,0,0,1,0,1,1,0,0,1,0,1
194,goepsa.com,0,0,0,3,0,0,0,0,1,0,1,1,0,0,1,0,1
195,citydesignerweb.com,0,0,0,2,0,0,0,0,1,0,1,1,1,1,1,1,1
196,goepsa.com,0,0,0,3,0,0,0,0,1,0,1,1,0,0,1,0,1
197,tinyurl.com,0,0,0,1,0,0,1,0,1,0,1,1,0,0,1,0,1
198,stikliniekadarbnica.lv,0,0,1,2,0,0,0,0,1,0,1,1,1,1,1,1,1
199,caixa.consultafgtsinativoliberado2017.com,0,0,1,2,0,0,0,0,1,0,1,1,1,1,1,1,1
200,sicoob-card.com,0,0,0,2,0,0,0,1,1,0,1,1,1,1,1,1,1
201,bit.ly,0,0,0,1,0,0,1,0,1,0,1,1,1,1,1,1,1
202,bit.ly,0,0,0,1,0,0,1,0,1,0,1,1,1,1,1,1,1
203,communicatewithsh.com,0,0,1,4,0,0,0,0,1,0,1,1,1,1,1,1,1
204,unifr-ch.weebly.com,0,0,0,1,0,0,0,1,1,0,1,1,0,0,1,0,1
205,formcrafts.com,0,0,0,2,0,0,0,0,1,0,1,1,0,0,1,0,1
206,giftmorden.com,0,0,0,3,0,0,0,0,1,0,1,1,1,1,1,1,1
207,snspsladwa.org,0,0,1,4,0,0,0,0,1,0,1,1,0,0,1,0,1
208,outlookmaintenace.urest.org,0,0,0,1,0,0,0,0,1,0,1,1,0,0,1,0,1
209,viewerpdf.com,0,0,1,2,0,0,0,0,1,0,1,1,1,1,1,1,1
210,herbertundschnipsi.de,0,0,1,2,0,0,0,0,1,0,1,1,0,0,1,0,1
211,"servicossociaiscaixa.com.br
",0,0,0,0,0,0,0,0,1,0,1,1,1,1,1,1,1
212,karuniabinainsani-16.co.id,0,0,1,4,0,0,0,1,1,0,1,1,1,1,1,1,1
213,violattions-notifications-seresa.esy.es,0,0,1,2,0,0,0,1,1,0,1,1,1,1,1,1,1
214,recover-acct5487.esy.es,0,0,1,1,0,0,0,1,1,0,1,1,1,1,1,1,1
215,bit.ly,0,0,0,1,0,0,1,0,1,0,1,1,0,0,1,0,1
216,skafs.ca,0,0,0,4,0,0,0,0,1,0,1,1,0,0,1,0,1
217,scs-network.com,0,0,0,2,0,0,0,1,1,0,1,1,0,0,1,0,1
218,anuragjewellery.com,0,0,1,3,0,0,0,0,1,0,1,1,1,1,1,1,1
219,nnconsultoria.com.br,0,0,1,4,0,0,0,0,1,0,1,1,0,0,1,0,1
220,anuragjewellery.com,0,0,0,2,0,0,0,0,1,0,1,1,1,1,1,1,1
221,safety-check-739210.esy.es,0,0,0,1,0,0,0,1,1,0,1,1,1,1,1,1,1
222,ellimanestate.executeart.in,0,0,0,2,0,0,0,0,1,0,1,1,1,1,1,1,1
223,bit.ly,0,0,0,1,0,0,1,0,1,0,1,1,1,1,1,1,1
224,netibesanta.esy.es,0,0,0,2,0,0,0,0,1,0,1,1,1,1,1,1,1
225,netibesanta.esy.es,0,0,0,1,0,0,0,0,1,0,1,1,1,1,1,1,1
226,nnconsultoria.com.br,0,0,1,4,0,0,0,0,1,0,1,1,0,0,1,0,1
227,fgts-inativados.com,0,0,1,4,0,0,0,1,1,0,1,1,1,1,1,1,1
228,it-maintenance.tripod.com,0,0,0,1,0,0,0,1,1,0,1,1,0,0,1,0,1
229,consultacontasinativa.com,0,0,0,2,0,0,0,0,1,0,1,1,1,1,1,1,1
230,extratoinativo.com,0,0,0,2,0,0,0,0,1,0,1,1,1,1,1,1,1
231,unimore.gr,0,0,1,7,0,0,0,0,1,0,1,1,1,1,1,1,1
232,security-update-center.serverlux.me,0,0,1,1,0,0,0,1,1,0,1,1,1,1,1,1,1
233,webmupgrde060517.tripod.com,0,0,0,1,0,0,0,0,1,0,1,1,0,0,1,0,1
234,neymo.org,0,0,0,3,0,0,0,0,1,0,1,1,0,0,1,0,1
235,nnconsultoria.com.br,0,0,1,4,0,0,0,0,1,0,1,1,0,0,1,0,1
236,nnconsultoria.com.br,0,0,1,4,0,0,0,0,1,0,1,1,0,0,1,0,1
237,loogin-recovery-account87.esy.es,0,0,1,2,0,0,0,1,1,0,1,1,1,1,1,1,1
238,roadfitterapparel.com,0,0,0,3,0,0,0,0,1,0,1,1,1,1,1,1,1
239,hydracsa.com,0,0,0,3,0,0,0,0,1,0,1,1,1,1,1,1,1
240,loogin-facebook-safety.esy.es,0,0,0,2,0,0,0,1,1,0,1,1,1,1,1,1,1
241,service-info-il.hol.es,0,0,0,1,0,0,0,1,1,0,1,1,1,1,1,1,1
242,service-info-il.hol.es,0,0,0,1,0,0,0,1,1,0,1,1,1,1,1,1,1
243,info-service-il.hol.es,0,0,0,1,0,0,0,1,1,0,1,1,1,1,1,1,1
244,info-service-il.hol.es,0,0,0,1,0,0,0,1,1,0,1,1,1,1,1,1,1
245,kingsupteded.com,0,0,0,4,0,0,0,0,1,0,1,1,1,1,1,1,1
246,blueappleassociates.com,0,0,1,4,0,0,0,0,1,0,1,1,1,1,1,1,1
247,Summerseason.tavapirts.lv,0,0,0,2,0,0,0,0,1,0,1,1,1,1,1,1,1
248,sharkprojects.fruitfuldemo.com,0,0,1,2,0,0,0,0,1,0,1,1,1,1,1,1,1
249,cavazosengineering.com,0,0,1,3,0,0,0,0,1,0,1,1,0,0,1,0,1
250,nnconsultoria.com.br,0,0,1,4,0,0,0,0,1,0,1,1,0,0,1,0,1
251,acct-cover-0899812.esy.es,0,0,0,1,0,0,0,1,1,0,1,1,1,1,1,1,1
252,tumbuang-fb.esy.es,0,0,1,1,0,0,0,1,1,0,1,1,1,1,1,1,1
253,bank.barclays.co.uk.olb.auth.loginlink.action.loginlink.action.loginlink.action.loginlink.action.onandoffagain.com,0,0,1,2,0,0,0,0,1,0,1,1,0,0,1,0,1
254,tehofilter.fi,0,0,0,2,0,0,0,0,1,0,1,1,0,0,1,0,1
255,nnconsultoria.com.br,0,0,1,4,0,0,0,0,1,0,1,1,0,0,1,0,1
256,marcof.pro.br,0,0,1,6,0,0,0,0,1,0,1,1,1,1,1,1,1
257,desearch.co.uk,0,0,1,6,0,0,0,0,1,0,1,1,0,0,1,0,1
258,xn--https-servio-85-omb.jelastic.regruhosting.ru,0,0,1,6,0,1,0,1,1,0,1,1,0,0,1,0,1
259,lineyuy.cn,0,0,0,1,0,0,0,0,1,0,1,1,1,1,1,1,1
260,"webmail-app-outlook-info.weebly.com
",0,0,0,0,0,0,0,1,1,0,1,1,1,1,1,1,1
261,indexdateprofile.890m.com,0,0,0,2,0,0,0,0,1,0,1,1,1,1,1,1,1
262,zdcp.org,0,1,1,4,0,0,0,0,1,0,1,1,1,1,1,1,1
263,bsgodenderleeuw.be,0,0,0,1,0,0,0,0,1,0,1,1,0,0,1,0,1
264,sol-manager.fr,0,0,0,3,0,0,0,1,1,0,1,1,1,1,1,1,1
265,wifibkk.com,0,0,0,5,0,0,0,0,1,0,1,1,1,1,1,1,1
266,notice-payment.invoiceappconfirmation.com,0,0,1,1,0,0,0,1,1,0,1,1,1,1,1,1,1
267,sitesumo.com,0,0,0,2,0,0,0,0,1,0,1,1,0,0,1,0,1
268,r129motoring.com,0,0,1,8,0,0,0,0,1,0,1,1,0,0,1,0,1
269,novavidasamambaia.com.br,0,0,1,6,0,0,0,0,1,0,1,1,0,0,1,0,1
270,academica.pt,0,0,1,2,0,0,0,0,1,0,1,1,0,0,1,0,1
271,academica.pt,0,0,1,2,0,0,0,0,1,0,1,1,0,0,1,0,1
272,bestsearch.info,0,0,0,1,0,0,0,0,1,0,1,1,1,1,1,1,1
273,innovateapp.ru,0,0,0,3,0,0,0,0,1,0,1,1,1,1,1,1,1
274,ovtoc.com,0,0,1,7,0,0,0,0,1,0,1,1,0,0,1,0,1
275,ellepimmobiliare.it,0,0,1,5,0,0,1,0,1,0,1,1,0,0,1,0,1
276,ellepimmobiliare.it,0,0,1,5,0,0,1,0,1,0,1,1,0,0,1,0,1
277,env-9019617.jelastic.regruhosting.ru,0,0,1,4,0,0,0,1,1,0,1,1,0,0,1,0,1
278,ambrosiabanquethall.com,0,0,0,2,0,0,0,0,1,0,1,1,1,1,1,1,1
279,depatmens-recons002.esy.es,0,0,1,1,0,0,0,1,1,0,1,1,1,1,1,1,1
280,secure-notification-pagesfb-inc.com,0,0,0,1,0,0,0,1,1,0,1,1,1,1,1,1,1
281,gispi.in,0,0,0,3,0,0,0,0,1,0,1,1,0,0,1,0,1
282,saedds4343354.esy.es,0,0,0,1,0,0,0,0,1,0,1,1,1,1,1,1,1
283,acct-recover7895345546.esy.es,0,0,0,1,0,0,0,1,1,0,1,1,1,1,1,1,1
284,ssmh.cz,0,0,0,3,0,0,0,0,1,0,1,1,1,1,1,1,1
285,freshinktattoostudio.com.au,0,0,1,2,0,0,0,0,1,0,1,1,1,1,1,1,1
286,syscan-id.com,0,0,1,5,1,0,0,1,1,0,1,1,0,0,1,0,1
287,caixa.fgtsliberado2017.com,0,0,1,2,0,0,0,0,1,0,1,1,1,1,1,1,1
288,acct-recover7895345.esy.es,0,0,0,1,0,0,0,1,1,0,1,1,1,1,1,1,1
289,checkpoint-erorr-fb005.esy.es,0,0,1,1,0,0,0,1,1,0,1,1,1,1,1,1,1
290,checkpoint-info-fb9t.esy.es,0,0,1,1,0,0,0,1,1,0,1,1,1,1,1,1,1
291,support1213112.hol.es,0,0,0,1,0,0,0,0,1,0,1,1,1,1,1,1,1
292,support1213112.hol.es,0,0,0,1,0,0,0,0,1,0,1,1,1,1,1,1,1
293,recovery-account-fb-chekpoin-8108.esy.es,0,0,1,2,0,0,0,1,1,0,1,1,1,1,1,1,1
294,digitalworld.tv,0,0,1,5,0,0,0,0,1,0,1,1,0,0,1,0,1
295,info-support-il.hol.es,0,0,0,1,0,0,0,1,1,0,1,1,1,1,1,1,1
296,info-support-il.hol.es,0,0,0,1,0,0,0,1,1,0,1,1,1,1,1,1,1
297,wish4job.com,0,0,0,2,0,0,0,0,1,0,1,1,1,1,1,1,1
298,c0.16mb.com,0,0,0,2,0,0,0,0,1,0,1,1,1,1,1,1,1
299,orgcontalex.com.br,0,0,1,6,0,0,1,0,1,0,1,1,1,1,1,1,1
300,last-warning-fb1.esy.es,0,0,1,1,0,0,0,1,1,0,1,1,1,1,1,1,1
301,digital-sms-online.com.br,0,0,0,4,0,0,0,1,1,0,1,1,1,1,1,1,1
302,emaillsantander.com,0,0,0,3,0,0,0,0,1,0,1,1,1,1,1,1,1
303,recover-fb01.esy.es,0,0,1,1,0,0,0,1,1,0,1,1,1,1,1,1,1
304,olenelife.com,0,0,1,2,0,0,0,0,1,0,1,1,0,0,1,0,1
305,cover-acct56467.esy.es,0,0,0,1,0,0,0,1,1,0,1,1,1,1,1,1,1
306,safecheck-acct5151.esy.es,0,0,1,2,0,0,0,1,1,0,1,1,1,1,1,1,1
307,suspicous-payments-helping.com,0,0,1,3,0,0,0,1,1,0,1,1,1,1,1,1,1
308,petektemizleme.biz.tr,0,0,0,1,0,0,0,0,1,0,1,1,1,1,1,1,1
309,pages-5566.hol.es,0,0,0,1,0,0,0,1,1,0,1,1,1,1,1,1,1
310,pages-5566.hol.es,0,0,0,1,0,0,0,1,1,0,1,1,1,1,1,1,1
311,secure-notification-fbpages-inc.com,0,0,0,1,0,0,0,1,1,0,1,1,1,1,1,1,1
312,goterbox33.esy.es,0,0,1,1,0,0,0,0,1,0,1,1,1,1,1,1,1
313,httpssecure.belhalfs.beget.tech,0,0,1,4,0,1,0,0,1,0,1,1,1,1,1,1,1
314,floraprive.com,0,0,0,2,0,0,0,0,1,0,1,1,1,1,1,1,1
315,blancogris.com,0,0,0,1,0,0,0,0,1,0,1,1,0,0,1,0,1
316,lacasadelcarpintec.com,0,0,0,2,0,0,0,0,1,0,1,1,1,1,1,1,1
317,cr-mufg-jp.win,0,0,1,4,0,0,0,1,1,0,1,1,1,1,1,1,1
318,reo15.moe.go.th,0,0,1,3,0,0,0,0,1,0,1,1,0,0,1,0,1
319,onlinedecu.cba.pl,0,0,0,1,0,0,0,0,1,0,1,1,0,0,1,0,1
320,bakekapw2.com,0,0,0,1,0,0,0,0,1,0,1,1,1,1,1,1,1
321,missalli.nl,0,0,1,7,0,0,0,0,1,0,1,1,1,1,1,1,1
322,fgts-caixa.cf,0,0,0,1,0,0,0,1,1,0,1,1,1,1,1,1,1
323,excelsolarenergy.com,0,0,0,3,0,0,0,0,1,0,1,1,1,1,1,1,1
324,rattikagmr.in,0,0,0,4,0,0,0,0,1,0,1,1,0,0,1,0,1
325,fractus.com,0,0,1,4,0,0,0,0,1,0,1,1,0,0,1,0,1
326,getthelps-recoveri-disables.esy.es,0,0,1,2,0,0,0,1,1,0,1,1,1,1,1,1,1
327,newsvanguard.in,0,0,0,4,0,0,0,0,1,0,1,1,1,1,1,1,1
328,festainfantilbh.com.br,0,0,1,3,0,0,0,0,1,0,1,1,0,0,1,0,1
329,hormontant.se,0,0,1,9,0,0,0,0,1,0,1,1,0,0,1,0,1
330,"Usaa.doc.bizburrows.com
",0,0,0,0,0,0,0,0,1,0,1,1,1,1,1,1,1
331,webdropbox.net,0,0,0,2,0,0,0,0,1,0,1,1,1,1,1,1,1
332,pages-5564.hol.es,0,0,0,1,0,0,0,1,1,0,1,1,1,1,1,1,1
333,pages-5508.hol.es,0,0,0,1,0,0,0,1,1,0,1,1,1,1,1,1,1
334,pages-5508.hol.es,0,0,0,1,0,0,0,1,1,0,1,1,1,1,1,1,1
335,ip55.ip-144-217-29.net,0,0,1,4,0,0,0,1,1,0,1,1,1,1,1,1,1
336,safety-check-893465.esy.es,0,0,0,1,0,0,0,1,1,0,1,1,1,1,1,1,1
337,safety-check-938407.esy.es,0,0,0,1,0,0,0,1,1,0,1,1,1,1,1,1,1
338,acct-recover67868.esy.es,0,0,0,1,0,0,0,1,1,0,1,1,1,1,1,1,1
339,kalera-fb-scrty1.esy.es,0,0,1,1,0,0,0,1,1,0,1,1,1,1,1,1,1
340,fppkdo.pspu.ru,0,0,1,3,0,0,0,0,1,0,1,1,1,1,1,1,1
341,hotelcaucasia.com,0,0,1,1,0,0,0,0,1,0,1,1,1,1,1,1,1
342,zovermedical.com.sa,0,0,0,3,0,0,0,0,1,0,1,1,0,0,1,0,1
343,kancelaria24online.pl,0,0,0,2,0,0,0,0,1,0,1,1,0,0,1,0,1
344,contact-support-fb.hol.es,0,0,0,2,0,0,0,1,1,0,1,1,1,1,1,1,1
345,secretsofthemind.net,0,0,1,11,0,0,0,0,1,0,1,1,1,1,1,1,1
346,fb-securityloginfo707txtinc.esy.es,0,0,1,1,0,0,0,1,1,0,1,1,1,1,1,1,1
347,polymer-pipe.com,0,0,0,1,0,0,0,1,1,0,1,1,0,0,1,0,1
348,johnricerealtydadeville.com,0,0,1,4,0,0,0,0,1,0,1,1,1,1,1,1,1
349,fb-safety-system2017.esy.es,0,0,1,1,0,0,0,1,1,0,1,1,1,1,1,1,1
350,depatmens-recon2017.esy.es,0,0,1,1,0,0,0,1,1,0,1,1,1,1,1,1,1
351,extratocontasinativas.com,0,0,0,2,0,0,0,0,1,0,1,1,1,1,1,1,1
352,marcof.pro.br,0,0,1,6,0,0,0,0,1,0,1,1,1,1,1,1,1
353,sistemaconsultainativos.com,0,0,0,3,0,0,0,0,1,0,1,1,1,1,1,1,1
354,fractus.com,0,0,1,4,0,0,0,0,1,0,1,1,0,0,1,0,1
355,bigrichpoems.com,0,0,0,3,0,0,0,0,1,0,1,1,0,0,1,0,1
356,bigrichpoems.com,0,0,0,3,0,0,0,0,1,0,1,1,0,0,1,0,1
357,importradee.com,0,0,0,3,0,0,0,0,1,0,1,1,1,1,1,1,1
358,asdgxfhxhxchxcxcvhhvhhf.blogspot.com,0,0,0,1,0,0,1,0,1,0,1,1,0,0,1,0,1
359,fdhdfhdfhhfdfdhhdfhhfddfdf.blogspot.com,0,0,0,1,0,0,1,0,1,0,1,1,0,0,1,0,1
360,adadaadjaldkadlhadlsajlshsaah.blogspot.com,0,0,0,1,0,0,1,0,1,0,1,1,0,0,1,0,1
361,system-internos24hs.com,0,0,0,2,0,0,0,1,1,0,1,1,1,1,1,1,1
362,re-sourceerror.esy.es,0,0,1,1,0,0,0,1,1,0,1,1,1,1,1,1,1
363,miprofe.cl,0,0,0,5,0,0,0,0,1,0,1,1,1,1,1,1,1
364,vbly.us,0,0,0,1,0,0,0,0,1,0,1,1,0,0,1,0,1
365,sicoob-conta.com,0,0,0,2,0,0,0,1,1,0,1,1,1,1,1,1,1
366,seapost.com.ua,0,0,0,2,0,0,1,0,1,0,1,1,0,0,1,0,1
367,hjdjdk44d.net,0,0,0,3,0,0,0,0,1,0,1,1,1,1,1,1,1
368,anywayrocks.org,0,0,0,1,0,0,0,0,1,0,1,1,1,1,1,1,1
369,whautopilots.com,0,0,1,6,0,0,0,0,1,0,1,1,1,1,1,1,1
370,er1cd13r.com,0,0,0,2,0,0,0,0,1,0,1,1,1,1,1,1,1
371,edleigh.co.za,0,0,1,5,0,0,0,0,1,0,1,1,0,0,1,0,1
372,zemo.org.ua,0,0,1,4,0,0,0,0,1,0,1,1,1,1,1,1,1
373,shib.ncsu.edu.nllt.cf,0,0,1,6,0,0,0,0,1,0,1,1,1,1,1,1,1
374,logs.en-action.com,0,0,0,2,0,0,0,1,1,0,1,1,1,1,1,1,1
375,aboutus.in,0,0,1,5,0,0,0,0,1,0,1,1,0,0,1,0,1
376,m-amir.com,0,0,0,3,0,0,0,1,1,0,1,1,1,1,1,1,1
377,sjlearning.com.my,0,0,1,9,0,0,0,0,1,0,1,1,0,0,1,0,1
378,wbmexed.com.ng,0,0,0,2,0,0,0,0,1,0,1,1,1,1,1,1,1
379,phukien365.vn,0,0,0,2,0,0,0,0,1,0,1,1,0,0,1,0,1
380,cart-si-titolari-20-17-efdgdf.dynamic-dns.net,0,0,1,2,0,0,0,1,1,0,1,1,1,1,1,1,1
381,support109381.hol.es,0,0,0,1,0,0,0,0,1,0,1,1,1,1,1,1,1
382,recovers-check-accounts.hol.es,0,0,1,2,0,0,0,1,1,0,1,1,1,1,1,1,1
383,recover-fb-warning01.esy.es,0,0,1,1,0,0,0,1,1,0,1,1,1,1,1,1,1
384,fb-recover-10.esy.es,0,0,1,1,0,0,0,1,1,0,1,1,1,1,1,1,1
385,owahelpsno.16mb.com,0,0,0,1,0,0,0,0,1,0,1,1,1,1,1,1,1
386,webmailhelpdeskstaff.000webhostapp.com,0,0,0,1,0,0,0,0,1,0,1,1,0,0,1,0,1
387,purrfectphonesexjobs.com,0,0,1,2,1,0,0,0,1,0,1,1,1,1,1,1,1
388,eagleinfotech.edu.sg,0,0,1,4,0,0,0,0,1,0,1,1,0,0,1,0,1
389,clickimagem.pt,0,0,1,3,0,0,0,0,1,0,1,1,1,1,1,1,1
390,riclogauto.96.lt,0,0,0,1,0,0,0,0,1,0,1,1,1,1,1,1,1
391,desertsportswear.com,0,0,0,2,0,0,0,0,1,0,1,1,0,0,1,0,1
392,dooglinn.beget.tech,0,0,0,3,0,0,0,0,1,0,1,1,0,0,1,0,1
393,lpmnuansa.undip.ac.id,0,0,0,3,0,0,0,0,1,0,1,1,0,0,1,0,1
394,lpmnuansa.undip.ac.id,0,0,0,3,0,0,0,0,1,0,1,1,0,0,1,0,1
395,m.facebook.com------------------login-secured.liraon.com,0,0,1,1,0,0,0,1,1,0,1,1,1,1,1,1,1
396,j-wearfetish.com,0,0,1,5,0,0,0,1,1,0,1,1,1,1,1,1,1
397,fgtscontasinativas.16mb.com,0,0,0,1,0,0,0,0,1,0,1,1,1,1,1,1,1
398,portalfgts.com,0,0,1,4,0,0,0,0,1,0,1,1,1,1,1,1,1
399,103.236.137.117,0,0,0,4,0,0,0,0,1,0,1,1,1,1,1,1,1
400,normansfinejewelry.com,0,0,1,4,0,0,0,0,1,0,1,1,1,1,1,1,1
401,inhomecareidaho.com,0,0,1,5,0,0,0,0,1,0,1,1,1,1,1,1,1
402,mainepta.org,0,0,0,5,0,0,0,0,1,0,1,1,0,0,1,0,1
403,caixa.suportedeconsultafgtsliberado.com,0,0,1,2,0,0,0,0,1,0,1,1,1,1,1,1,1
404,saiastrology.com,0,0,1,4,0,0,0,0,1,0,1,1,0,0,1,0,1
405,notify-action-acct.esy.es,0,0,1,1,0,0,0,1,1,0,1,1,1,1,1,1,1
406,fangtasiaphonesex.com,0,0,0,3,0,0,1,0,1,0,1,1,1,1,1,1,1
407,latitudeinfra.com,0,0,1,5,0,0,0,0,1,0,1,1,1,1,1,1,1
408,boxmail-fullupgrade.com,0,0,0,2,0,0,0,1,1,0,1,1,1,1,1,1,1
409,michaelsmolski.com,0,0,0,3,0,0,0,0,1,0,1,1,1,1,1,1,1
410,miprofe.cl,0,0,0,5,0,0,0,0,1,0,1,1,1,1,1,1,1
411,kesenianjawa.undip.ac.id,0,0,1,4,0,0,0,0,1,0,1,1,1,1,1,1,1
412,u.nu,0,0,0,1,0,0,0,0,1,0,1,1,0,0,1,0,1
413,tinyurl.com,0,0,0,1,0,0,1,0,1,0,1,1,0,0,1,0,1
414,cover-acct789345.esy.es,0,0,0,1,0,0,0,1,1,0,1,1,1,1,1,1,1
415,depatmens-recons001.esy.es,0,0,1,1,0,0,0,1,1,0,1,1,1,1,1,1,1
416,carolyneslick.com,0,0,0,2,0,0,0,0,1,0,1,1,0,0,1,0,1
417,protecfb-error.esy.es,0,0,1,1,0,0,0,1,1,0,1,1,1,1,1,1,1
418,cover-acct76483.esy.es,0,0,0,1,0,0,0,1,1,0,1,1,1,1,1,1,1
419,attxn.net,0,0,1,5,0,0,0,0,1,0,1,1,1,1,1,1,1
420,bit.ly,0,0,0,1,0,0,1,0,1,0,1,1,0,0,1,0,1
421,assasasauysuysauysaysayasa.blogspot.com,0,0,0,1,0,0,1,0,1,0,1,1,0,0,1,0,1
422,miprofe.cl,0,0,0,5,0,0,0,0,1,0,1,1,1,1,1,1,1
423,click.waw.pl,0,0,0,1,0,0,0,0,1,0,1,1,0,0,1,0,1
424,sac-uol-conteudo.byethost15.com,0,0,1,3,0,0,0,1,1,0,1,1,0,0,1,0,1
425,sac-uol-conteudo.byethost15.com,0,0,1,3,0,0,0,1,1,0,1,1,0,0,1,0,1
426,shastivelcotton.com,0,0,1,4,0,0,0,0,1,0,1,1,0,0,1,0,1
427,ring-my-bell.com,0,0,0,4,0,0,0,1,1,0,1,1,0,0,1,0,1
428,cname.hub-web.com,0,0,1,2,0,0,0,1,1,0,1,1,0,0,1,0,1
429,h2hventures.co,0,0,0,2,0,0,0,0,1,0,1,1,1,1,1,1,1
430,acessoseguroatodos.com,0,0,1,4,0,0,0,0,1,0,1,1,1,1,1,1,1
431,caixa.suportedeconsultafgtsliberado.com,0,0,0,1,0,0,0,0,1,0,1,1,1,1,1,1,1
432,ournepal.com,0,0,1,5,0,0,0,0,1,0,1,1,0,0,1,0,1
433,harigoindia.com,0,0,0,4,0,0,0,0,1,0,1,1,0,0,1,0,1
434,segurana.my-free.website,0,0,0,1,0,0,0,1,1,0,1,1,0,0,1,0,1
435,secure.saginawheadstart.org,0,0,0,2,0,0,0,0,1,0,1,1,1,1,1,1,1
436,04daa73b.ngrok.io,0,0,1,3,0,0,0,0,1,0,1,1,0,0,1,0,1
437,kiwi-pools.com,0,0,1,2,0,0,0,1,1,0,1,1,0,0,1,0,1
438,pages-5507.hol.es,0,0,0,1,0,0,0,1,1,0,1,1,1,1,1,1,1
439,mir-holoda.by,0,0,0,2,0,0,0,1,1,0,1,1,0,0,1,0,1
440,support-fb-page.hol.es,0,0,0,1,0,0,0,1,1,0,1,1,1,1,1,1,1
441,paranavida.com.br,0,0,0,4,0,0,0,0,1,0,1,1,0,0,1,0,1
442,phpmatrimonialscript.in,0,0,1,5,0,0,0,0,1,0,1,1,0,0,1,0,1
443,rccgpavilion.org,0,0,1,8,0,0,0,0,1,0,1,1,0,0,1,0,1
444,doutorconsorcio.com.br,0,0,1,5,0,0,0,0,1,0,1,1,1,1,1,1,1
445,vuongquocsen.com,0,0,1,1,0,0,0,0,1,0,1,1,1,1,1,1,1
446,sping-doo.si,0,0,1,6,0,0,0,1,1,0,1,1,0,0,1,0,1
447,safety-check-278836.esy.es,0,0,0,1,0,0,0,1,1,0,1,1,1,1,1,1,1
448,qzsclothing.com,0,0,0,4,0,0,0,0,1,0,1,1,0,0,1,0,1
449,recover-acct88000.esy.es,0,0,0,1,0,0,0,1,1,0,1,1,1,1,1,1,1
450,last-warning-fb113.esy.es,0,0,1,1,0,0,0,1,1,0,1,1,1,1,1,1,1
451,lexavierpartners.com,0,0,0,3,0,0,0,0,1,0,1,1,0,0,1,0,1
452,mobile-free.kofoed-fr.com,0,0,1,7,0,0,0,1,1,0,1,1,1,1,1,1,1
453,primelog.amzweb.com.br,0,1,1,5,0,0,0,0,1,0,1,1,1,1,1,1,1
454,phpmatrimonialscript.in,0,0,1,5,0,0,0,0,1,0,1,1,0,0,1,0,1
455,atualizar-cadastro.com,0,0,0,2,0,0,0,1,1,0,1,1,1,1,1,1,1
456,mobile-free.kofoed-fr.com,0,0,1,7,0,0,0,1,1,0,1,1,1,1,1,1,1
457,dentalimplantformula.com,0,0,0,2,0,0,0,0,1,0,1,1,1,1,1,1,1
458,mobile-free.kofoed-fr.com,0,0,1,7,0,0,0,1,1,0,1,1,1,1,1,1,1
459,fgtsconsultainativos.com,0,0,0,3,0,0,0,0,1,0,1,1,1,1,1,1,1
460,saldofgtsgov.com,0,0,1,4,0,0,0,0,1,0,1,1,1,1,1,1,1
461,promocaorecar.ga,0,0,0,2,0,0,0,0,1,0,1,1,1,1,1,1,1
462,mobilier-lemnmasiv.ro,0,0,1,6,0,0,0,1,1,0,1,1,0,0,1,0,1
463,igforweddingpros.com,0,0,1,4,0,0,0,0,1,0,1,1,1,1,1,1,1
464,fahwonmai.tv,0,0,1,4,0,0,0,0,1,0,1,1,1,1,1,1,1
465,owaispsecuredesk2017.myfreesites.net,0,0,0,1,0,0,0,0,1,0,1,1,0,0,1,0,1
466,forfindquality.com,0,0,1,4,0,0,0,0,1,0,1,1,1,1,1,1,1
467,loadingspeacceasy.atwebpages.com,0,0,1,1,0,0,0,0,1,0,1,1,0,0,1,0,1
468,virgilecatherine.fr,0,0,0,3,0,0,0,0,1,0,1,1,0,0,1,0,1
469,supporto-informatici.info,0,0,0,1,0,0,0,1,1,0,1,1,1,1,1,1,1
470,antiquehostel.ro,0,0,1,5,0,0,0,0,1,0,1,1,1,1,1,1,1
471,desertsportswear.com,0,0,1,3,0,0,0,0,1,0,1,1,0,0,1,0,1
472,pursorder.esy.es,0,0,0,2,0,0,0,0,1,0,1,1,1,1,1,1,1
473,supporto-informatici.info,0,0,0,1,0,0,0,1,1,0,1,1,1,1,1,1,1
474,mir-holoda.by,0,0,1,4,0,0,0,1,1,0,1,1,0,0,1,0,1
475,newsvanguard.in,0,0,1,4,0,0,0,0,1,0,1,1,0,0,1,0,1
476,newsvanguard.in,0,0,1,4,0,0,0,0,1,0,1,1,0,0,1,0,1
477,newsvanguard.in,0,0,1,4,0,0,0,0,1,0,1,1,0,0,1,0,1
478,newsvanguard.in,0,0,1,4,0,0,0,0,1,0,1,1,1,1,1,1,1
479,saferpdf.000webhostapp.com,0,0,0,1,0,0,0,0,1,0,1,1,0,0,1,0,1
480,guard.trustlawsuits.com,0,0,0,1,0,0,0,0,1,0,1,1,0,0,1,0,1
481,supremehosting.co.nz,0,0,1,5,0,0,0,0,1,0,1,1,1,1,1,1,1
482,backup.din-14675.de,0,0,1,2,0,0,0,1,1,0,1,1,0,0,1,0,1
483,sandiegovendingmachine.com,0,0,1,4,0,0,0,0,1,0,1,1,1,1,1,1,1
484,emailbradesco.esy.es,0,0,1,4,0,0,0,0,1,0,1,1,1,1,1,1,1
485,fontedevidaeterna.org.br,0,0,1,4,0,0,0,0,1,0,1,1,1,1,1,1,1
486,sivasosb.org.tr,0,1,1,1,0,0,0,0,1,0,1,1,0,0,1,0,1
487,cabinetelendil.be,0,0,0,3,0,0,0,0,1,0,1,1,0,0,1,0,1
488,universityrankings.com.au,0,0,0,2,0,0,0,0,1,0,1,1,0,0,1,0,1
489,snfp.ro,0,0,0,3,0,0,0,0,1,0,1,1,0,0,1,0,1
490,bit.ly,0,0,0,1,0,0,1,0,1,0,1,1,1,1,1,1,1
491,srixlex.com,0,0,0,3,0,0,1,0,1,0,1,1,1,1,1,1,1
492,"constructions.pancakeapps.com
",0,0,0,0,0,0,0,0,1,0,1,1,1,1,1,1,1
493,poggisub.it,0,0,1,6,0,0,0,0,1,0,1,1,0,0,1,0,1
494,bisnis101.com,0,0,1,6,0,0,0,0,1,0,1,1,1,1,1,1,1
495,elicos.com,0,0,1,5,0,0,0,0,1,0,1,1,1,1,1,1,1
496,banorte-rs.com,0,0,1,14,0,0,0,1,1,0,1,1,1,1,1,1,1
497,bright-wedding.com.ua,0,0,1,6,0,0,0,1,1,0,1,1,1,1,1,1,1
498,siclogistics.com,0,0,0,1,0,0,0,0,1,0,1,1,0,0,1,0,1
499,meu-fgtscaixa.com,0,0,1,4,0,0,0,1,1,0,1,1,1,1,1,1,1
500,pellicole-adesive.com,0,0,0,3,0,0,0,1,1,0,1,1,1,1,1,1,1
501,formget.com,0,0,0,4,0,0,1,0,1,0,1,1,0,0,1,0,1
502,sping-doo.si,0,0,1,6,0,0,0,1,1,0,1,1,0,0,1,0,1
503,page.app15.in,0,0,1,4,0,0,0,0,1,0,1,1,1,1,1,1,1
504,paypal1.uk-ppl202.com,0,0,0,1,0,0,0,1,1,0,1,1,1,1,1,1,1
505,tinyurl.com,0,0,0,1,0,0,1,0,1,0,1,1,0,0,1,0,1
506,maszx.org,0,1,1,5,0,0,0,0,1,0,1,1,1,1,1,1,1
507,segurom3.beget.tech,0,0,0,2,0,0,0,0,1,0,1,1,0,0,1,0,1
508,belgiumimagyarok.be,0,0,0,2,0,0,0,0,1,0,1,1,1,1,1,1,1
509,faridhosiery.com,0,0,1,3,0,0,0,0,1,0,1,1,0,0,1,0,1
510,herballineteam.eu,0,0,1,12,0,0,0,0,1,0,1,1,1,1,1,1,1
511,mashtaresort.com,0,0,1,1,0,0,1,0,1,0,1,1,1,1,1,1,1
512,pixelnam.net,0,0,1,6,0,0,0,0,1,0,1,1,1,1,1,1,1
513,unitedkingdomimmigrationservices.org,0,0,1,3,0,0,0,0,1,0,1,1,1,1,1,1,1
514,grannyflat-s.com.au,0,1,1,4,0,0,0,1,1,0,1,1,1,1,1,1,1
515,ip-160-153-224-253.ip.secureserver.net,0,0,0,1,0,0,0,1,1,0,1,1,1,1,1,1,1
516,inativasfgtsativas.site,0,0,1,5,0,0,0,0,1,0,1,1,1,1,1,1,1
517,piewerks.com,0,0,1,4,0,0,0,0,1,0,1,1,0,0,1,0,1
518,facebooknotsz.gq,0,0,0,2,0,0,0,0,1,0,1,1,1,1,1,1,1
519,facebooknotsz.gq,0,0,0,2,0,0,0,0,1,0,1,1,1,1,1,1,1
520,savagtolldoc.us,0,0,0,2,0,0,0,0,1,0,1,1,1,1,1,1,1
521,sivasosb.org.tr,0,0,1,2,0,0,0,0,1,0,1,1,0,0,1,0,1
522,simer.com.tr,0,0,0,2,0,0,0,0,1,0,1,1,0,0,1,0,1
523,antiquehostel.ro,0,0,1,5,0,0,0,0,1,0,1,1,1,1,1,1,1
524,carolyneslick.com,0,0,0,2,0,0,0,0,1,0,1,1,0,0,1,0,1
525,piewerks.com,0,0,0,4,0,0,0,0,1,0,1,1,0,0,1,0,1
526,robashburn.com,0,0,0,3,0,0,0,0,1,0,1,1,1,1,1,1,1
527,faridhosiery.com,0,0,1,4,0,0,0,0,1,0,1,1,0,0,1,0,1
528,"snaphelp.byethost18.com
",0,0,0,0,0,0,0,0,1,0,1,1,1,1,1,1,1
529,prize.life,0,0,0,3,0,0,0,0,1,0,1,1,0,0,1,0,1
530,camillascake.it,0,0,1,8,1,0,0,0,1,0,1,1,1,1,1,1,1
531,librievini.it,0,0,1,1,0,0,0,0,1,0,1,1,1,1,1,1,1
532,offerup.com------------------login-confirm-account.aggly.com,0,0,1,1,0,0,0,1,1,0,1,1,0,0,1,0,1
533,onlin-info-alert-sys-01.esy.es,0,0,1,3,0,0,0,1,1,0,1,1,1,1,1,1,1
534,carolyneslick.com,0,0,0,2,0,0,0,0,1,0,1,1,0,0,1,0,1
535,email.premiumx.my,0,0,0,4,0,0,0,0,1,0,1,1,1,1,1,1,1
536,seguranca-santa-mobile.000webhostapp.com,0,0,1,2,0,0,0,1,1,0,1,1,0,0,1,0,1
537,sarmawola.pl,0,0,0,2,0,0,0,0,1,0,1,1,1,1,1,1,1
538,bit.ly,0,0,0,1,0,0,1,0,1,0,1,1,0,0,1,0,1
539,makingdigital.com.br,0,0,1,3,0,0,0,0,1,0,1,1,0,0,1,0,1
540,cliente01.novoportalb-b.com.br,0,0,1,0,0,0,0,1,1,0,1,1,1,1,1,1,1
541,carolyneslick.com,0,0,0,4,0,0,0,0,1,0,1,1,0,0,1,0,1
542,faridhosiery.com,0,0,1,4,0,0,0,0,1,0,1,1,0,0,1,0,1
543,caixa.gov.br-fgts.gov.br.trabalhador.servicos_online.saldo_fgts.asp.ct56372.tmweb.ru,0,0,1,1,0,0,0,1,1,0,1,1,1,1,1,1,1
544,saldoinativofgts.com,0,0,1,5,0,0,0,0,1,0,1,1,1,1,1,1,1
545,recover-acct8431.esy.es,0,0,0,1,0,0,0,1,1,0,1,1,1,1,1,1,1
546,recovery-your-acct-chekpoin-402.esy.es,0,0,1,2,0,0,0,1,1,0,1,1,1,1,1,1,1
547,dhiyaselectric.co.id,0,0,0,1,0,0,0,0,1,0,1,1,1,1,1,1,1
548,bit.ly,0,0,0,1,0,0,1,0,1,0,1,1,1,1,1,1,1
549,activation-locked-help17.16mb.com,0,0,1,3,0,0,0,1,1,0,1,1,1,1,1,1,1
550,hallwaystreetsigns.com,0,0,1,4,0,0,0,0,1,0,1,1,0,0,1,1,1
551,cellusconections.info,0,0,1,5,0,0,0,0,1,0,1,1,1,1,1,1,1
552,supporto-informatici.info,0,0,0,1,0,0,0,1,1,0,1,1,1,1,1,1,1
553,tinyurl.com,0,0,0,1,0,0,1,0,1,0,1,1,0,0,1,0,1
554,cargo-hangnadim.com,0,0,1,3,0,0,0,1,1,0,1,1,1,1,1,1,1
555,radaradt.com,0,0,1,7,0,0,1,0,1,0,1,1,1,1,1,1,1
556,kenmetcalf.com,0,0,0,3,0,0,0,0,1,0,1,1,1,0,1,0,1
557,radaradt.com,0,0,1,7,0,0,1,0,1,0,1,1,1,1,1,1,1
558,thomasmorall.co,0,0,0,3,0,0,0,0,1,0,1,1,1,1,1,1,1
559,bibliophile.free.fr,0,0,0,1,0,0,0,0,1,0,1,1,0,0,1,0,1
560,promosmilancamp.it,0,0,1,4,0,0,0,0,1,0,1,1,0,0,1,0,1
561,pages-5503.hol.es,0,0,0,1,0,0,0,1,1,0,1,1,1,1,1,1,1
562,pages-5503.hol.es,0,0,0,1,0,0,0,1,1,0,1,1,1,1,1,1,1
563,safety-check-73652.esy.es,0,0,0,1,0,0,0,1,1,0,1,1,1,1,1,1,1
564,plumberstomballtx.net,0,0,1,4,0,0,0,0,1,0,1,1,1,1,1,1,1
565,desbloqueiomobile.com,0,0,0,2,0,0,0,0,1,0,1,1,1,1,1,1,1
566,whatsmyhomesvalue.us,0,0,1,4,0,0,0,0,1,0,1,1,1,1,1,1,1
567,wrkinprog.com,0,0,1,4,0,0,0,0,1,0,1,1,0,0,1,0,1
568,cover-acct8678.esy.es,0,0,0,1,0,0,0,1,1,0,1,1,1,1,1,1,1
569,bestlight.gr,0,0,1,7,0,0,0,0,1,0,1,1,0,0,1,0,1
570,liceosanconrado.cl,0,0,0,3,0,0,0,0,1,0,1,1,1,1,1,1,1
571,ashimsolutions.com,0,0,0,2,0,0,0,0,1,0,1,1,0,0,1,0,1
572,festainfantilbh.com.br,0,0,1,2,0,0,0,0,1,0,1,1,0,0,1,0,1
573,ovbppst.pe.hu,0,0,1,2,0,0,0,0,1,0,1,1,1,1,1,1,1
574,dallas177.arvixeshared.com,0,0,0,2,0,0,0,0,1,0,1,1,0,0,1,0,1
575,pursorder.esy.es,0,1,1,1,0,0,0,0,1,0,1,1,1,1,1,1,1
576,meowmeowmugs.com,0,0,0,2,0,0,0,0,1,0,1,1,1,1,1,1,1
577,dhlmail.000webhostapp.com,0,0,0,2,0,0,0,0,1,0,1,1,0,0,1,0,1
578,dhlmail.000webhostapp.com,0,0,1,2,0,0,0,0,1,0,1,1,0,0,1,0,1
579,mirazfood.com,0,0,0,3,0,0,0,0,1,0,1,1,0,0,1,0,1
580,paypal.gb-ppsweb.com,0,0,0,2,0,0,0,1,1,0,1,1,1,1,1,1,1
581,radaradt.com,0,0,1,7,0,0,1,0,1,0,1,1,1,1,1,1,1
582,radaradt.com,0,0,1,7,0,0,1,0,1,0,1,1,1,1,1,1,1
583,radaradt.com,0,0,1,9,0,0,1,0,1,0,1,1,1,1,1,1,1
584,nanotechnopolis.com,0,0,0,2,0,0,0,0,1,0,1,1,0,0,1,0,1
585,nanotechnopolis.com,0,0,1,3,0,0,0,0,1,0,1,1,0,0,1,0,1
586,nanotechnopolis.com,0,0,1,3,0,0,0,0,1,0,1,1,0,0,1,0,1
587,nanotechnopolis.com,0,0,0,2,0,0,0,0,1,0,1,1,0,0,1,0,1
588,netlflex-001-site1.1tempurl.com,0,0,0,2,0,0,0,1,1,0,1,1,1,1,1,1,1
589,unitedkingdomimmigrationservices.org,0,0,1,3,0,0,0,0,1,0,1,1,1,1,1,1,1
590,unitedkingdomimmigrationservices.org,0,0,1,2,0,0,0,0,1,0,1,1,1,1,1,1,1
591,c3pluscs.com,0,0,0,2,0,0,0,0,1,0,1,1,1,1,1,1,1
592,skytel.lk,0,0,0,3,0,0,0,0,1,0,1,1,0,0,1,0,1
593,radaradt.com,0,0,1,7,0,0,1,0,1,0,1,1,1,1,1,1,1
594,lightshadeinc.com,0,0,0,4,0,0,0,0,1,0,1,1,1,1,1,1,1
595,eladorno.co,0,0,0,2,0,0,0,0,1,0,1,1,1,1,1,1,1
596,new72matchphotos.890m.com,0,0,0,1,0,0,0,0,1,0,1,1,1,1,1,1,1
597,p0f.desi,0,0,0,1,0,0,0,0,1,0,1,1,1,1,1,1,1
598,bitly.com,0,0,1,2,0,0,1,0,1,0,1,1,0,0,1,0,1
599,goodnessvanillalive.com,0,1,1,3,0,0,0,0,1,0,1,1,1,1,1,1,1
600,gusp.pt,0,0,1,4,0,0,0,0,1,0,1,1,0,0,1,0,1
601,previewphotos.16mb.com,0,0,0,1,0,0,0,0,1,0,1,1,1,1,1,1,1
602,matchphotos021.96.lt,0,0,0,1,0,0,0,0,1,0,1,1,1,1,1,1,1
603,karikari.com.br,0,0,0,2,0,0,0,0,1,0,1,1,0,0,1,0,1
604,innoscript.nl,0,0,1,4,0,0,0,0,1,0,1,1,1,1,1,1,1
605,searchtripdeals.com,0,0,0,3,0,0,0,0,1,0,1,1,1,1,1,1,1
606,platerom.ro,0,0,0,3,0,0,0,0,1,0,1,1,1,1,1,1,1
607,piewerks.com,0,0,1,4,0,0,0,0,1,0,1,1,0,0,1,0,1
608,festivalbecause.org,0,0,1,4,0,0,0,0,1,0,1,1,1,0,1,0,1
609,superhousepictures.com,0,1,1,5,0,0,0,0,1,0,1,1,0,0,1,0,1
610,liceosanconrado.cl,0,0,0,3,0,0,0,0,1,0,1,1,1,1,1,1,1
611,verifyonline.live,0,0,1,4,0,0,0,0,1,0,1,1,1,1,1,1,1
612,oa.ying-zhuo.com,0,0,0,3,0,0,0,1,1,0,1,1,1,1,1,1,1
613,goo.gl,0,0,1,1,0,0,1,0,1,0,1,1,0,0,1,0,1
614,eveannlovero.com,0,0,1,6,0,0,0,0,1,0,1,1,0,0,1,0,1
615,100clubchicago.org,0,0,0,4,0,0,0,0,1,0,1,1,1,1,1,1,1
616,paypal.gb-ppsweb.com,0,0,1,2,0,0,0,1,1,0,1,1,1,1,1,1,1
617,polyplanltd.com,0,0,0,3,0,0,0,0,1,0,1,1,1,1,1,1,1
618,hubenbartl.at,0,0,0,2,0,0,0,0,1,0,1,1,0,0,1,0,1
619,radaradt.com,0,0,1,9,1,0,1,0,1,0,1,1,1,1,1,1,1
620,ecutrack.com,0,0,0,2,0,0,0,0,1,0,1,1,1,1,1,1,1
621,gsl.xiyoukeji.com,0,0,0,3,0,0,0,0,1,0,1,1,0,0,1,0,1
622,manieyt.tk,0,0,1,0,0,0,0,0,1,0,1,1,1,1,1,1,1
623,amazon-check-81.de-support.ru,0,0,1,2,0,0,0,1,1,0,1,1,1,1,1,1,1
624,manage.apple.com.webobjectsd5dbc98dcc983a7028bd82d1a47541.divinityhousingprojects.com,0,0,1,2,0,0,0,0,1,0,1,1,1,1,1,1,1
625,omahcorp.co.id,0,0,1,3,0,0,0,0,1,0,1,1,1,1,1,1,1
626,deltaseguridadbolivia.com,0,0,0,3,0,0,0,0,1,0,1,1,0,0,1,0,1
627,igforweddingpros.com,0,0,1,4,0,0,0,0,1,0,1,1,1,1,1,1,1
628,omahcorp.co.id,0,0,1,3,0,0,0,0,1,0,1,1,1,1,1,1,1
629,i-house.se,0,0,1,2,0,0,0,1,1,0,1,1,0,0,1,0,1
630,cic.com.jo,0,0,1,6,0,0,0,0,1,0,1,1,0,0,1,0,1
631,ad-blockeds.com,0,0,1,5,0,0,0,1,1,0,1,1,1,1,1,1,1
632,ad-blockeds.com,0,0,1,5,0,0,0,1,1,0,1,1,1,1,1,1,1
633,town-el.com,0,0,1,6,0,0,0,1,1,0,1,1,1,1,1,1,1
634,scoreyourexback.com,0,0,0,3,0,0,0,0,1,0,1,1,1,1,1,1,1
635,nanotechnopolis.com,0,0,1,3,0,0,0,0,1,0,1,1,0,0,1,0,1
636,saughallmassie.org,0,0,1,4,0,0,0,0,1,0,1,1,0,0,1,0,1
637,paypal-resolveds.com.informations-payments.nut.cc,0,0,1,3,0,0,0,1,1,0,1,1,0,0,1,0,1
638,uesi.aesbiz.com,0,0,1,5,0,0,0,0,1,0,1,1,0,0,1,0,1
639,lhndemo.com,0,0,0,2,0,0,0,0,1,0,1,1,1,1,1,1,1
640,abcroadandlockassistance.com,0,0,0,3,0,0,0,0,1,0,1,1,1,1,1,1,1
641,sanitaire-express.fr,0,0,1,4,0,0,0,1,1,0,1,1,0,0,1,0,1
642,eventhire4u.com,0,0,1,3,0,0,0,0,1,0,1,1,0,0,1,0,1
643,crimsonadvisorygroup.com,0,0,1,4,0,0,0,0,1,0,1,1,1,1,1,1,1
644,crimsonadvisorygroup.com,0,0,1,4,0,0,0,0,1,0,1,1,1,1,1,1,1
645,hoiniki.by,0,0,1,6,0,0,0,0,1,0,1,1,1,1,1,1,1
646,hoiniki.by,0,0,1,6,0,0,0,0,1,0,1,1,1,1,1,1,1
647,nnordson.com,0,0,1,3,0,0,0,0,1,0,1,1,1,1,1,1,1
648,brimkers.com,0,0,0,3,0,0,0,0,1,0,1,1,1,1,1,1,1
649,shop.luigibaldo.com,0,0,1,5,0,0,0,0,1,0,1,1,1,1,1,1,1
650,shop.luigibaldo.com,0,0,1,5,0,0,0,0,1,0,1,1,1,1,1,1,1
651,besame.com,0,0,0,3,0,0,0,0,1,0,1,1,1,1,1,1,1
652,tetedebois.ca,0,0,0,3,0,0,0,0,1,0,1,1,1,1,1,1,1
653,freestyle.d934713.u-telcom.net,0,0,1,3,0,0,0,1,1,0,1,1,1,1,1,1,1
654,zovermedical.com.sa,0,0,0,3,0,0,0,0,1,0,1,1,1,1,1,1,1
655,cic.com.jo,0,0,1,6,0,0,0,0,1,0,1,1,1,1,1,1,1
656,nanotechnopolis.com,0,0,1,3,0,0,0,0,1,0,1,1,1,1,1,1,1
657,nanotechnopolis.com,0,0,1,3,0,0,0,0,1,0,1,1,1,1,1,1,1
658,kohchang-holidays.com,0,0,1,3,0,0,0,1,1,0,1,1,1,1,1,1,1
659,web2sale.com,0,0,1,4,0,0,0,0,1,0,1,1,1,1,1,1,1
660,capsilab.com,0,0,0,5,0,0,0,0,1,0,1,1,1,1,1,1,1
661,scoreyourexback.com,0,0,1,3,0,0,0,0,1,0,1,1,1,1,1,1,1
662,deliziedallasicilia.com,0,0,1,3,0,0,0,0,1,0,1,1,1,1,1,1,1
663,apple2api.com,0,0,0,1,0,0,0,0,1,0,1,1,1,1,1,1,1
664,hoiniki.by,0,0,1,6,0,0,0,0,1,0,1,1,1,1,1,1,1
665,hoiniki.by,0,0,1,6,0,0,0,0,1,0,1,1,1,1,1,1,1
666,fsdressbd.com,0,0,1,5,0,0,0,0,1,0,1,1,1,1,1,1,1
667,usnnvery.hol.es,0,0,0,6,0,0,0,0,1,0,1,1,1,1,1,1,1
668,d662653.u-telcom.net,0,0,0,3,0,0,0,1,1,0,1,1,1,1,1,1,1
669,abcroadandlockassistance.com,0,0,0,3,0,0,0,0,1,0,1,1,1,1,1,1,1
670,d662653.u-telcom.net,0,0,0,3,0,0,0,1,1,0,1,1,1,1,1,1,1
671,lhndemo.com,0,0,0,2,0,0,0,0,1,0,1,1,1,1,1,1,1
672,town-el.com,0,0,1,7,0,0,0,1,1,0,1,1,1,1,1,1,1
673,zip.net,0,0,0,1,0,0,0,0,1,0,1,1,1,1,1,1,1
674,desertsportswear.com,0,0,1,3,0,0,0,0,1,0,1,1,1,1,1,1,1
675,desertsportswear.com,0,0,1,3,0,0,0,0,1,0,1,1,1,1,1,1,1
676,desertsportswear.com,0,0,1,3,0,0,0,0,1,0,1,1,1,1,1,1,1
677,1drv.ms,0,0,0,2,0,0,0,0,1,0,1,1,1,1,1,1,1
678,ardobiejewska.pl,0,0,1,5,0,0,0,0,1,0,1,1,1,1,1,1,1
679,mkt-santa.000webhostapp.com,0,0,0,2,0,0,0,1,1,0,1,1,1,1,1,1,1
680,protokolo.com,0,0,1,4,0,0,0,0,1,0,1,1,1,1,1,1,1
681,southerncomfortmechanical.ca,0,0,1,5,0,0,0,0,1,0,1,1,1,1,1,1,1
682,novotelbd.asia,0,0,0,3,0,0,0,0,1,0,1,1,1,1,1,1,1
683,sll.well.com.mangtonics.in,0,0,0,2,0,0,0,0,1,0,1,1,1,1,1,1,1
684,bestincs.com,0,0,1,6,0,0,0,0,1,0,1,1,1,1,1,1,1
685,confluentc.com,0,0,1,4,0,0,0,0,1,0,1,1,1,1,1,1,1
686,revistatourgourmet.com,0,0,1,3,0,0,1,0,1,0,1,1,1,1,1,1,1
687,capsilab.com,0,0,1,6,0,0,0,0,1,0,1,1,1,1,1,1,1
688,nnordson.com,0,0,1,3,0,0,0,0,1,0,1,1,1,1,1,1,1
689,cover-acct6445.esy.es,0,0,0,1,0,0,0,1,1,0,1,1,1,1,1,1,1
690,wildfor.life,0,0,1,7,0,0,0,0,1,0,1,1,1,1,1,1,1
691,daydo-app.com,0,0,1,11,0,0,0,1,1,0,1,1,1,1,1,1,1
692,ornamentmania.com,0,0,0,3,0,0,0,0,1,0,1,1,1,1,1,1,1
693,ioannasakellaraki.com,0,0,0,2,0,0,0,0,1,0,1,1,0,0,1,0,1
694,hetys.com,0,0,1,4,0,0,0,0,1,0,1,1,0,0,1,0,1
695,centreforcorporatecoaching.com,0,1,1,4,0,0,0,0,1,0,1,1,1,1,1,1,1
696,ansti.org,0,0,0,3,0,0,0,0,1,0,1,1,1,1,1,1,1
697,lilistephens.com,0,0,0,3,0,0,0,0,1,0,1,1,1,1,1,1,1
698,michiganlegacyrun.org,0,0,1,6,0,0,0,0,1,0,1,1,1,1,1,1,1
699,michiganlegacyrun.org,0,0,1,6,0,0,0,0,1,0,1,1,1,1,1,1,1
700,michiganlegacyrun.org,0,0,1,6,0,0,0,0,1,0,1,1,1,1,1,1,1
701,michiganlegacyrun.org,0,0,1,6,0,0,0,0,1,0,1,1,1,1,1,1,1
702,liceosanconrado.cl,0,0,0,3,0,0,0,0,1,0,1,1,1,1,1,1,1
703,michiganlegacyrun.org,0,0,1,6,0,0,0,0,1,0,1,1,1,1,1,1,1
704,michiganlegacyrun.org,0,0,1,6,0,0,0,0,1,0,1,1,1,1,1,1,1
705,lambabajunior.com,0,0,0,3,0,0,0,0,1,0,1,1,1,1,1,1,1
706,contasinativas.caixa.gov.br-fgts.gov.br.trabalhador.servicos_online.saldo_fgts.asp.cs31547.tmweb.ru,0,0,1,1,0,0,0,1,1,0,1,1,1,1,1,1,1
707,adsensemart.com,0,0,0,4,0,0,1,0,1,0,1,1,0,0,1,0,1
708,almihrab.com.my,0,0,0,4,0,0,0,0,1,0,1,1,0,0,1,0,1
709,acr.suisscard.ch.secure3.registrierung.suisstip.info,0,0,1,1,0,0,0,0,1,0,1,1,1,1,1,1,1
710,murraylorri145.000webhostapp.com,0,0,1,3,0,0,0,0,1,0,1,1,0,0,1,0,1
711,ativar-cadastro.pe.hu,0,0,0,4,0,0,0,1,1,0,1,1,1,1,1,1,1
712,madilina.com,0,0,0,3,0,0,0,0,1,0,1,1,1,1,1,1,1
713,internetbod.com,0,0,1,1,0,0,0,0,1,0,1,1,0,0,1,0,1
714,cover-acct0020.esy.es,0,0,0,1,0,0,0,1,1,0,1,1,1,1,1,1,1
715,cover-acct5438.esy.es,0,0,0,1,0,0,0,1,1,0,1,1,1,1,1,1,1
716,77.194.54.247,0,0,1,3,0,0,0,0,1,0,1,1,1,1,1,1,1
717,email.windwardalerts.com,0,0,1,2,0,0,0,0,1,0,1,1,1,1,1,1,1
718,baltkagroup.com,0,0,0,3,0,0,0,0,1,0,1,1,1,1,1,1,1
719,owa1.everettwa.gov,0,0,1,2,0,0,0,0,1,0,1,1,1,1,1,1,1
720,botecodomarianobit.com,0,0,1,3,0,0,1,0,1,0,1,1,1,1,1,1,1
721,premiosmastercard.esy.es,0,0,0,3,0,0,0,0,1,0,1,1,1,1,1,1,1
722,goo.gl,0,0,0,1,0,0,1,0,1,0,1,1,0,0,1,0,1
723,bit.ly,0,0,0,1,0,0,1,0,1,0,1,1,1,1,1,1,1
724,adsensemart.com,0,0,0,4,0,0,1,0,1,0,1,1,0,0,1,0,1
725,tauruswelding.com,0,0,1,7,0,0,0,0,1,0,1,1,1,1,1,1,1
726,c4cqk784.caspio.com,0,0,1,1,0,0,0,0,1,0,1,1,1,1,1,1,1
727,caixaonlinefgts.hostkda.com,0,0,0,2,0,0,0,0,1,0,1,1,1,1,1,1,1
728,telegraphycoursemorse.com,0,0,0,2,0,0,0,0,1,0,1,1,1,1,1,1,1
729,tinyurl.com,0,0,0,1,0,0,1,0,1,0,1,1,0,0,1,0,1
730,contasinativascaixafgts.name,0,0,1,4,0,0,0,0,1,0,1,1,1,1,1,1,1
731,signin.amazon.co.uk-prime.form-unsuscribe.id-7816.nproofing.com.au,0,0,1,3,0,0,0,1,1,0,1,1,1,1,1,1,1
732,primoframe.com,0,0,0,2,0,0,0,0,1,0,1,1,0,0,1,0,1
733,tinyurl.com,0,0,0,1,0,0,1,0,1,0,1,1,0,0,1,0,1
734,consultabeneficiosmirror01.esy.es,0,0,1,3,0,0,0,0,1,0,1,1,1,1,1,1,1
735,tinyurl.com,0,0,0,1,0,0,1,0,1,0,1,1,0,0,1,0,1
736,adpportal.hol.es,0,0,0,2,0,0,0,0,1,0,1,1,1,1,1,1,1
737,ts4.96.lt,0,0,0,2,0,0,0,0,1,0,1,1,1,1,1,1,1
738,diariapromotionspecial.com,0,0,1,2,0,0,0,0,1,0,1,1,1,1,1,1,1
739,innamorata.com.ar,0,0,1,3,0,0,0,0,1,0,1,1,1,1,1,1,1
740,promotion-smart.com,0,0,0,1,0,0,1,1,1,0,1,1,1,1,1,1,1
741,designaxis.net,0,0,1,4,0,0,0,0,1,0,1,1,1,1,1,1,1
742,ornamentmania.com,0,0,0,4,0,0,0,0,1,0,1,1,1,1,1,1,1
743,euromina.com.vn,0,0,0,3,0,0,0,0,1,0,1,1,0,0,1,0,1
744,attlw.net,0,0,1,5,0,0,0,0,1,0,1,1,1,1,1,1,1
745,check-your-acct2017.esy.es,0,0,0,1,0,0,0,1,1,0,1,1,1,1,1,1,1
746,websitebuilder102.website.com,0,0,0,2,0,0,0,0,1,0,1,1,0,0,1,0,1
747,purchase-order.esy.es,0,0,0,2,0,0,0,1,1,0,1,1,1,1,1,1,1
748,w-reia.com,0,0,1,2,0,0,0,1,1,0,1,1,1,1,1,1,1
749,xicksy.win,0,0,0,1,0,0,0,0,1,0,1,1,1,1,1,1,1
750,check-updates-app.hol.es,0,0,0,1,0,0,0,1,1,0,1,1,1,1,1,1,1
751,check-updates-app.hol.es,0,0,1,1,0,0,0,1,1,0,1,1,1,1,1,1,1
752,mygosecure.com,0,0,1,0,0,0,0,0,1,0,1,1,0,0,1,0,1
753,mygosecure.com,0,0,1,0,0,0,0,0,1,0,1,1,0,0,1,0,1
754,hallwaystreetsigns.com,0,0,1,4,0,0,0,0,1,0,1,1,0,0,1,1,1
755,chmsry.org.za,0,0,1,4,0,0,0,0,1,0,1,1,1,1,1,1,1
756,centreforcorporatecoaching.com,0,1,1,4,0,0,0,0,1,0,1,1,1,1,1,1,1
757,centreforcorporatecoaching.com,0,1,1,4,0,0,0,0,1,0,1,1,1,1,1,1,1
758,advancemedical-sa.com,0,0,0,4,0,0,0,1,1,0,1,1,0,0,1,0,1
759,yanluxe.com,0,0,1,5,0,0,0,0,1,0,1,1,0,0,1,0,1
760,sicoobcard.net.br,0,0,0,2,0,0,0,0,1,0,1,1,1,1,1,1,1
761,check091.hol.es,0,0,0,1,0,0,0,0,1,0,1,1,1,1,1,1,1
762,supports01123.hol.es,0,0,0,1,0,0,0,0,1,0,1,1,1,1,1,1,1
763,halpcenter-001acontscheck.esy.es,0,0,1,1,0,0,0,1,1,0,1,1,1,1,1,1,1
764,ecutrack.com,0,0,0,2,0,0,0,0,1,0,1,1,1,1,1,1,1
765,cop.com.pe,0,0,0,3,0,0,0,0,1,0,1,1,1,1,1,1,1
766,shobiziems.com,0,0,1,4,0,0,0,0,1,0,1,1,0,0,1,0,1
767,lhhaokailighting.com,0,0,1,2,0,0,0,0,1,0,1,1,1,1,1,1,1
768,siyacom.net,0,0,1,5,0,0,0,0,1,0,1,1,1,1,1,1,1
769,service-freeboxligne.com,0,0,1,3,0,0,0,1,1,0,1,1,1,1,1,1,1
770,service-freeboxligne.com,0,0,0,2,0,0,0,1,1,0,1,1,1,1,1,1,1
771,tisch-und-decke.de,0,0,0,3,0,0,0,1,1,0,1,1,0,0,1,0,1
772,bunchyogurt.com,0,1,1,6,0,0,1,0,1,0,1,1,0,0,1,0,1
773,confluentc.com,0,0,1,4,0,0,0,0,1,0,1,1,0,0,1,0,1
774,wish4job.com,0,0,0,2,0,0,0,0,1,0,1,1,1,1,1,1,1
775,mzansinet.co.za,0,0,0,5,0,0,1,0,1,0,1,1,0,0,1,0,1
776,recoveri-legalfb-acct2017.esy.es,0,0,0,1,0,0,0,1,1,0,1,1,1,1,1,1,1
777,cover-acct0926.esy.es,0,0,0,1,0,0,0,1,1,0,1,1,1,1,1,1,1
778,resolve-acct6548.esy.es,0,0,1,1,0,0,0,1,1,0,1,1,1,1,1,1,1
779,yeusinhly.com.vn,0,0,0,1,0,0,0,0,1,0,1,1,0,0,1,0,1
780,yeusinhly.com.vn,0,0,0,2,0,0,0,0,1,0,1,1,0,0,1,0,1
781,sqi-mail.com,0,0,1,3,0,0,0,1,1,0,1,1,1,1,1,1,1
782,mdllanos.com,0,0,1,6,0,0,0,0,1,0,1,1,0,0,1,0,1
783,baitherbackreview.com,0,0,0,3,0,0,0,0,1,0,1,1,1,1,1,1,1
784,amirerfanian.ir,0,0,0,4,0,0,0,0,1,0,1,1,1,1,1,1,1
785,habercinimnette.tk,0,0,0,1,0,0,0,0,1,0,1,1,1,1,1,1,1
786,santiagoingaramo.com.ar,0,0,1,6,0,0,0,0,1,0,1,1,0,0,1,0,1
787,footkre.in,0,0,0,2,0,0,0,0,1,0,1,1,1,1,1,1,1
788,maxiking.com.bo,0,0,0,3,0,0,0,0,1,0,1,1,0,0,1,0,1
789,support-5560.hol.es,0,0,0,1,0,0,0,1,1,0,1,1,1,1,1,1,1
790,geko.fr,0,0,1,5,0,0,0,0,1,0,1,1,0,0,1,1,1
791,mskindia.net,0,0,0,3,0,0,0,0,1,0,1,1,0,0,1,0,1
792,innoscript.nl,0,0,0,3,0,0,0,0,1,0,1,1,1,1,1,1,1
793,himatemia.undip.ac.id,0,0,1,6,0,0,0,0,1,0,1,1,1,1,1,1,1
794,13453765871837679316.googlegroups.com,0,0,1,3,0,0,0,0,1,0,1,1,0,0,1,0,1
795,andrewrobertsllc.info,0,0,1,4,0,0,0,0,1,0,1,1,1,1,1,1,1
796,bit.ly,0,0,0,1,0,0,1,0,1,0,1,1,1,1,1,1,1
797,stchartered.com,0,0,0,3,0,0,0,0,1,0,1,1,1,1,1,1,1
798,cihancelikonline.com,0,0,1,3,0,0,0,0,1,0,1,1,1,1,1,1,1
799,familyinsuranceservices.com,0,0,0,3,0,0,0,0,1,0,1,1,0,0,1,0,1
800,stchartered.com,0,0,0,3,0,0,0,0,1,0,1,1,1,1,1,1,1
801,whatsapservice.com,0,0,1,5,0,0,0,0,1,0,1,1,1,1,1,1,1
802,andrewrobertsllc.info,0,0,0,3,0,0,0,0,1,0,1,1,1,1,1,1,1
803,jsb.ac.in,0,0,0,2,0,0,0,0,1,0,1,1,0,0,1,0,1
804,posmogo.com,0,0,0,1,0,0,0,0,1,0,1,1,1,1,1,1,1
805,gem.tools,0,0,1,6,0,0,0,0,1,0,1,1,1,1,1,1,1
806,radiocatolicalaconsentida.com,0,1,1,6,0,0,0,0,1,0,1,1,1,1,1,1,1
807,radiocatolicalaconsentida.com,0,1,1,6,0,0,0,0,1,0,1,1,1,1,1,1,1
808,radiocatolicalaconsentida.com,0,1,1,6,0,0,0,0,1,0,1,1,1,1,1,1,1
809,radiocatolicalaconsentida.com,0,1,1,6,0,0,0,0,1,0,1,1,1,1,1,1,1
810,medixasia.com,0,0,0,3,0,0,0,0,1,0,1,1,1,1,1,1,1
811,con-v-air.com,0,0,1,4,0,0,0,1,1,0,1,1,0,0,1,1,1
812,incrivelpromocaomaster17.16mb.com,0,0,1,1,0,0,0,0,1,0,1,1,1,1,1,1,1
813,mastercardpromocao.16mb.com,0,0,0,1,0,0,0,0,1,0,1,1,1,1,1,1,1
814,mastercardpromocao.16mb.com,0,0,0,1,0,0,0,0,1,0,1,1,1,1,1,1,1
815,varietytransport.com,0,0,1,6,0,0,1,0,1,0,1,1,1,1,1,1,1
816,nnordson.com,0,0,1,3,0,0,0,0,1,0,1,1,1,1,1,1,1
817,dothothinhvuong.vn,0,0,1,9,0,0,0,0,1,0,1,1,0,0,1,0,1
818,tetedebois.ca,0,0,0,3,0,0,0,0,1,0,1,1,0,0,1,0,1
819,ibcnews.pk,0,0,1,3,0,0,0,0,1,0,1,1,1,1,1,1,1
820,landsnfields.com,0,0,0,3,0,0,0,0,1,0,1,1,1,1,1,1,1
821,dothothinhvuong.vn,0,0,1,6,0,0,0,0,1,0,1,1,0,0,1,0,1
822,oneworldorganisation.org,0,0,1,7,0,0,0,0,1,0,1,1,1,1,1,1,1
823,masgie.com,0,0,0,3,0,0,0,0,1,0,1,1,0,0,1,0,1
824,lepoker-en-ligne.com,0,0,0,2,0,0,0,1,1,0,1,1,1,1,1,1,1
825,wickedsickness.com,0,1,1,3,0,0,0,0,1,0,1,1,1,1,1,1,1
826,hibbfamily.com,0,0,1,4,0,0,0,0,1,0,1,1,1,1,1,1,1
827,andrewrobertsllc.info,0,0,1,4,0,0,0,0,1,0,1,1,1,1,1,1,1
828,mhasantech.com,0,0,1,7,0,0,0,0,1,0,1,1,0,0,1,0,1
829,vermolicas.for-our.info,0,0,1,6,0,0,0,1,1,0,1,1,1,1,1,1,1
830,bem.undip.ac.id,0,0,0,3,0,0,0,0,1,0,1,1,0,0,1,0,1
831,grannyflat-s.com.au,0,0,0,4,0,0,0,1,1,0,1,1,1,1,1,1,1
832,bit.ly,0,0,0,1,0,0,1,0,1,0,1,1,1,1,1,1,1
833,masterpremiopravoce.esy.es,0,0,1,3,0,0,0,0,1,0,1,1,1,1,1,1,1
834,grannyflat-s.com.au,0,0,1,5,0,0,0,1,1,0,1,1,1,1,1,1,1
835,alphasolutions.com.pk,0,0,1,3,0,0,0,0,1,0,1,1,0,0,1,0,1
836,fb-securityloginfo405txt.esy.es,0,0,1,1,0,0,0,1,1,0,1,1,1,1,1,1,1
837,protecfb-error-404.esy.es,0,0,1,1,0,0,0,1,1,0,1,1,1,1,1,1,1
838,fbscurerescekpoint23.esy.es,0,0,1,1,0,0,0,0,1,0,1,1,1,1,1,1,1
839,samaalreem.com,0,0,0,2,0,0,0,0,1,0,1,1,0,0,1,0,1
840,alpa.co.za,0,0,0,4,0,0,0,0,1,0,1,1,0,0,1,0,1
841,greatwesterncatskills.com,0,0,0,2,0,0,0,0,1,0,1,1,0,0,1,0,1
842,agenmurahgrosir.com,0,0,0,3,0,0,0,0,1,0,1,1,0,0,1,0,1
843,ecutrack.com,0,0,1,2,0,0,0,0,1,0,1,1,1,1,1,1,1
844,primoframe.com,0,0,0,2,0,0,0,0,1,0,1,1,0,0,1,0,1
845,wpcgwadar.com,0,0,0,3,0,0,0,0,1,0,1,1,0,0,1,0,1
846,mobile-free.metulwx.com,0,0,1,4,0,0,1,1,1,0,1,1,1,1,1,1,1
847,chevysportsman.com,0,0,0,3,0,0,0,0,1,0,1,1,1,1,1,1,1
848,freestyle.d934713.u-telcom.net,0,0,1,3,0,0,0,1,1,0,1,1,1,1,1,1,1
849,worldtekevents.com,0,0,0,3,0,0,0,0,1,0,1,1,0,0,1,0,1
850,wickedsickness.com,0,0,0,2,0,0,0,0,1,0,1,1,1,1,1,1,1
851,tauruswelding.com,0,0,1,8,0,0,0,0,1,0,1,1,0,0,1,0,1
852,tauruswelding.com,0,0,1,8,0,0,0,0,1,0,1,1,1,1,1,1,1
853,freenligne.com,0,0,1,4,0,0,0,0,1,0,1,1,1,1,1,1,1
854,zaybtan.com,0,0,0,3,0,0,0,0,1,0,1,1,1,1,1,1,1
855,toplomashinex.com,0,0,1,5,0,0,1,0,1,0,1,1,0,0,1,0,1
856,zenhome.tn,0,0,1,1,0,0,0,0,1,0,1,1,0,0,1,0,1
857,lambabajunior.com,0,0,0,3,0,0,0,0,1,0,1,1,1,1,1,1,1
858,lambabajunior.com,0,0,0,3,0,0,0,0,1,0,1,1,1,1,1,1,1
859,lambabajunior.com,0,0,0,3,0,0,0,0,1,0,1,1,1,1,1,1,1
860,lambabajunior.com,0,0,0,3,0,0,0,0,1,0,1,1,1,1,1,1,1
861,lambabajunior.com,0,0,0,3,0,0,0,0,1,0,1,1,1,1,1,1,1
862,blocked-notifications.co.nf,0,0,0,2,0,0,0,1,1,0,1,1,0,0,1,0,1
863,help-fb-contact.hol.es,0,0,0,2,0,0,0,1,1,0,1,1,1,1,1,1,1
864,jobduties.org,0,0,0,3,0,0,0,0,1,0,1,1,0,0,1,0,1
865,itbsbr.com,0,0,1,5,0,0,0,0,1,0,1,1,1,1,1,1,1
866,service-freeboxligne.com,0,0,1,3,0,0,0,1,1,0,1,1,1,1,1,1,1
867,service-freeboxligne.com,0,0,1,3,0,0,0,1,1,0,1,1,1,1,1,1,1
868,brimkers.com,0,0,0,3,0,0,0,0,1,0,1,1,1,1,1,1,1
869,brimkers.com,0,0,0,3,0,0,0,0,1,0,1,1,1,1,1,1,1
870,stchartered.com,0,0,1,4,0,0,0,0,1,0,1,1,1,1,1,1,1
871,jaymecares.com,0,0,0,5,0,0,0,0,1,0,1,1,0,0,1,0,1
872,zioras.pl,0,0,0,3,0,0,0,0,1,0,1,1,0,0,1,0,1
873,theparlourbeautyrooms.ie,0,0,0,4,0,0,0,0,1,0,1,1,1,0,1,0,1
874,jovan.soldatovic.org,0,0,1,4,0,0,0,0,1,0,1,1,0,0,1,0,1
875,diethealthresource4u.com,0,0,1,5,0,0,0,0,1,0,1,1,1,1,1,1,1
876,noway.oloruntiseoluwaseyi.com,0,0,1,2,0,0,0,0,1,0,1,1,1,1,1,1,1
877,mobile-free.metulwx.com,0,0,1,4,0,0,1,1,1,0,1,1,1,1,1,1,1
878,mobile-free.metulwx.com,0,0,1,4,0,0,1,1,1,0,1,1,1,1,1,1,1
879,tahubulat.co.id,0,0,0,3,0,0,1,0,1,0,1,1,1,1,1,1,1
880,siyacom.net,0,0,1,5,0,0,0,0,1,0,1,1,1,1,1,1,1
881,yokohamajijyou.com,0,0,0,2,0,0,0,0,1,0,1,1,0,0,1,0,1
882,zovermedical.com.sa,0,0,0,3,0,0,0,0,1,0,1,1,0,0,1,0,1
883,zovermedical.com.sa,0,0,0,3,0,0,0,0,1,0,1,1,0,0,1,0,1
884,wocci.com,0,0,0,2,0,0,0,0,1,0,1,1,0,0,1,0,1
885,lambabajunior.com,0,0,0,2,0,0,0,0,1,0,1,1,1,1,1,1,1
886,primoframe.com,0,0,0,2,0,0,0,0,1,0,1,1,0,0,1,0,1
887,baltkagroup.com,0,0,1,3,0,0,0,0,1,0,1,1,1,1,1,1,1
888,nordaglia.com,0,0,0,3,0,0,0,0,1,0,1,1,1,1,1,1,1
889,baltkagroup.com,0,0,0,3,0,0,0,0,1,0,1,1,1,1,1,1,1
890,the-yellows.eu,0,0,1,5,0,0,0,1,1,0,1,1,1,1,1,1,1
891,wpcgwadar.com,0,0,0,2,0,0,0,0,1,0,1,1,0,0,1,0,1
892,brimkers.com,0,0,0,3,0,0,0,0,1,0,1,1,1,1,1,1,1
893,get-verifi.esy.es,0,0,1,1,0,0,0,1,1,0,1,1,1,1,1,1,1
894,tinyurl.com,0,0,0,1,0,0,1,0,1,0,1,1,0,0,1,0,1
895,the-yellows.eu,0,0,1,5,0,0,0,1,1,0,1,1,1,1,1,1,1
896,adds-info-pages2017.hol.es,0,0,1,1,0,0,0,1,1,0,1,1,1,1,1,1,1
897,pc-virus-373n3lc.info,0,0,0,1,0,0,0,1,1,0,1,1,1,1,1,1,1
898,theparlourbeautyrooms.ie,0,0,0,3,0,0,0,0,1,0,1,1,1,0,1,0,1
899,loogin-facebook-checkpoin7888.esy.es,0,0,1,2,0,0,0,1,1,0,1,1,1,1,1,1,1
900,studycanberra.com,0,0,0,2,0,0,0,0,1,0,1,1,0,0,1,0,1
901,studycanberra.com,0,0,0,2,0,0,0,0,1,0,1,1,0,0,1,0,1
902,studycanberra.com,0,0,0,2,0,0,0,0,1,0,1,1,0,0,1,0,1
903,mobile-free.metulwx.com,0,0,1,4,0,0,1,1,1,0,1,1,1,1,1,1,1
904,chevysportsman.com,0,0,0,3,0,0,0,0,1,0,1,1,1,1,1,1,1
905,nasydco.com,0,0,1,3,0,0,0,0,1,0,1,1,0,0,1,0,1
906,notif-offices.esy.es,0,0,1,1,0,0,0,1,1,0,1,1,1,1,1,1,1
907,cover-acct2083.esy.es,0,0,0,1,0,0,0,1,1,0,1,1,1,1,1,1,1
908,skanke.no,0,0,0,3,0,0,0,0,1,0,1,1,1,1,1,1,1
909,wickedsickness.com,0,1,1,3,0,0,0,0,1,0,1,1,1,1,1,1,1
910,mailemacces.form2pay.com,0,0,0,1,0,0,0,0,1,0,1,1,0,0,1,0,1
911,tinyurl.com,0,0,0,1,0,0,1,0,1,0,1,1,0,0,1,0,1
912,inhomecareidaho.com,0,0,1,5,0,0,0,0,1,0,1,1,1,1,1,1,1
913,selectonline24hs.com,0,0,0,2,0,0,0,0,1,0,1,1,1,1,1,1,1
914,selectonline24hs.com,0,0,0,2,0,0,0,0,1,0,1,1,1,1,1,1,1
915,bit.ly,0,0,0,1,0,0,1,0,1,0,1,1,1,1,1,1,1
916,theyolostore.com,0,0,1,7,0,0,0,0,1,0,1,1,0,0,1,0,1
917,question.pcubelive.com,0,0,0,3,0,0,0,0,1,0,1,1,1,1,1,1,1
918,kamazcentr.nichost.ru,0,0,0,3,0,0,0,0,1,0,1,1,0,0,1,0,1
919,bloggersport.org,0,0,1,4,0,0,0,0,1,0,1,1,1,1,1,1,1
920,emax.kiev.ua,0,0,1,6,0,0,0,0,1,0,1,1,0,0,1,0,1
921,privatewebschool.esy.es,0,0,0,1,0,0,0,0,1,0,1,1,1,1,1,1,1
922,privatewebschool.esy.es,0,0,0,2,0,0,0,0,1,0,1,1,1,1,1,1,1
923,forms.zohopublic.com,0,0,1,5,0,0,0,0,1,0,1,1,0,0,1,0,1
924,australinvestment.com,0,0,0,2,0,0,1,0,1,0,1,1,1,1,1,1,1
925,medicareindiana.com,0,0,1,5,0,0,0,0,1,0,1,1,0,0,1,0,1
926,jobduties.org,0,0,0,3,0,0,0,0,1,0,1,1,0,0,1,0,1
927,wanderfootventures.com,0,0,1,3,0,0,0,0,1,0,1,1,1,1,1,1,1
928,w-reia.com,0,0,1,2,0,0,0,1,1,0,1,1,1,1,1,1,1
929,w-reia.com,0,0,1,2,0,0,0,1,1,0,1,1,1,1,1,1,1
930,cenkershipping.com,0,0,0,3,0,0,0,0,1,0,1,1,0,0,1,0,1
931,mltmarine.com,0,0,1,4,0,0,0,0,1,0,1,1,1,1,1,1,1
932,ultravioleta.com.br,0,0,1,6,0,0,0,0,1,0,1,1,1,1,1,1,1
933,mundialpecas.com,0,0,1,5,0,0,0,0,1,0,1,1,0,0,1,0,1
934,subscribe-free.info,0,0,1,5,0,0,0,1,1,0,1,1,1,1,1,1,1
935,payqal-com-secured.user-recover-id.igg.biz,0,0,1,2,0,0,0,1,1,0,1,1,0,0,1,0,1
936,australinvestment.com,0,0,1,2,0,0,1,0,1,0,1,1,1,1,1,1,1
937,alaedincenter.com,0,0,1,4,0,0,0,0,1,0,1,1,0,0,1,0,1
938,j8x.96.lt,0,0,0,2,0,0,0,0,1,0,1,1,1,1,1,1,1
939,support-5560.hol.es,0,0,0,1,0,0,0,1,1,0,1,1,1,1,1,1,1
940,vetsipujcka.cz,0,0,1,0,0,0,0,0,1,0,1,1,0,0,1,0,1
941,acct-recovery-check.esy.es,0,0,0,1,0,0,0,1,1,0,1,1,1,1,1,1,1
942,ulrickfdghj123456.com,0,0,0,3,0,0,0,0,1,0,1,1,1,1,1,1,1
943,safety-check-64879.esy.es,0,0,0,1,0,0,0,1,1,0,1,1,1,1,1,1,1
944,forryscountrystore.com,0,0,1,4,0,0,0,0,1,0,1,1,0,0,1,0,1
945,safety-check-98735.esy.es,0,0,0,1,0,0,0,1,1,0,1,1,1,1,1,1,1
946,usbank-auth37code.esy.es,0,0,0,5,0,0,0,1,1,0,1,1,1,1,1,1,1
947,acct8877.esy.es,0,0,0,1,0,0,0,0,1,0,1,1,1,1,1,1,1
948,02929483338cocq.000webhostapp.com,0,0,0,1,0,0,0,0,1,0,1,1,0,0,1,0,1
949,safety-check-28365.esy.es,0,0,0,1,0,0,0,1,1,0,1,1,1,1,1,1,1
950,recover8544.esy.es,0,0,0,1,0,0,0,0,1,0,1,1,1,1,1,1,1
951,safety-check-67894.esy.es,0,0,0,1,0,0,0,1,1,0,1,1,1,1,1,1,1
952,1drv.ms,0,0,0,2,0,0,0,0,1,0,1,1,0,0,1,0,1
953,ow.ly,0,0,0,1,0,0,1,0,1,0,1,1,0,0,1,0,1
954,distrisopecas.com.br,0,0,0,3,0,0,0,0,1,0,1,1,1,1,1,1,1
955,muvolam.com,0,0,1,4,1,0,0,0,1,0,1,1,0,0,1,0,1
956,unitedgpdev.com,0,0,0,4,0,0,0,0,1,0,1,1,1,1,1,1,1
957,asyastil.com,0,0,0,6,0,0,0,0,1,0,1,1,1,1,1,1,1
958,web-appsantander.com,0,0,1,2,0,0,0,1,1,0,1,1,1,1,1,1,1
959,fb-securityloginfo406txt.esy.es,0,0,1,1,0,0,0,1,1,0,1,1,1,1,1,1,1
960,fb-securityloginfo407txt.esy.es,0,0,1,1,0,0,0,1,1,0,1,1,1,1,1,1,1
961,paypal-customerfeedback.com,0,0,1,0,0,0,0,1,1,0,1,1,0,0,1,0,1
962,sign-app-privacy.hol.es,0,0,0,1,0,0,0,1,1,0,1,1,1,1,1,1,1
963,fedex.com-0289.systems,0,0,1,2,0,0,1,1,1,0,1,1,1,1,1,1,1
964,fedex.com-0289.systems,0,0,1,2,0,0,1,1,1,0,1,1,1,1,1,1,1
965,fedex.com-0289.systems,0,0,0,1,0,0,1,1,1,0,1,1,1,1,1,1,1
966,fedex.56690.services,0,0,0,1,0,0,0,0,1,0,1,1,1,1,1,1,1
967,pleasantonassembly.org,0,0,0,4,0,0,0,0,1,0,1,1,1,1,1,1,1
968,cover-acct1029.esy.es,0,0,0,1,0,0,0,1,1,0,1,1,1,1,1,1,1
969,suspended-fb.hol.es,0,0,0,1,0,0,0,1,1,0,1,1,1,1,1,1,1
970,freestyle.d934713.u-telcom.net,0,0,1,3,0,0,0,1,1,0,1,1,1,1,1,1,1
971,rooferexpert.com,0,1,1,5,0,0,1,0,1,0,1,1,0,0,1,0,1
972,demo.369usa.com,0,0,1,5,0,0,0,0,1,0,1,1,1,1,1,1,1
973,dhalander.com.br,0,0,1,4,0,0,0,0,1,0,1,1,0,0,1,0,1
974,classified38.ir,0,0,1,3,0,0,0,0,1,0,1,1,1,1,1,1,1
975,jnep.sumdu.edu.ua,0,0,1,6,0,0,0,0,1,0,1,1,1,1,1,1,1
976,confifsk.sumdu.edu.ua,0,0,1,5,0,0,0,0,1,0,1,1,1,1,1,1,1
977,gem.tools,0,0,1,6,0,0,0,0,1,0,1,1,1,1,1,1,1
978,sunnsand.biz,0,0,1,5,0,0,0,0,1,0,1,1,1,1,1,1,1
979,garrisoncontracting.ca,0,0,1,5,0,0,0,0,1,0,1,1,0,0,1,0,1
980,hecmk.com,0,0,0,3,0,0,0,0,1,0,1,1,0,0,1,0,1
981,unione-ae.com,0,0,1,3,0,0,0,1,1,0,1,1,0,0,1,0,1
982,payasgo.org,0,1,1,3,0,0,0,0,1,0,1,1,1,1,1,1,1
983,kalempong-godang-2017.16mb.com,0,0,1,2,0,0,0,1,1,0,1,1,1,1,1,1,1
984,unblocking-notice.co.nf,0,0,0,2,0,0,0,1,1,0,1,1,0,0,1,0,1
985,fb-secure-notifications.hol.es,0,0,1,2,0,0,0,1,1,0,1,1,1,1,1,1,1
986,radiocatolicalaconsentida.com,0,1,1,6,0,0,0,0,1,0,1,1,1,1,1,1,1
987,mobile-free.kofoed-fr.com,0,0,1,7,0,0,0,1,1,0,1,1,1,1,1,1,1
988,mashtaresort.com,0,0,1,1,0,0,1,0,1,0,1,1,1,1,1,1,1
989,mobile-free.kofoed-fr.com,0,0,1,7,0,0,0,1,1,0,1,1,1,1,1,1,1
990,jomjb.com,0,0,1,6,0,0,0,0,1,0,1,1,0,0,1,0,1
991,faboleena.com,0,0,1,12,0,0,0,0,1,0,1,1,1,1,1,1,1
992,guzheng.com.my,0,0,1,7,0,0,0,0,1,0,1,1,0,0,1,0,1
993,ioam.org.cn,0,0,1,4,0,0,0,0,1,0,1,1,0,0,1,0,1
994,theparlourbeautyrooms.ie,0,0,0,4,0,0,0,0,1,0,1,1,1,0,1,0,1
995,loogin-facebook-settinggst.esy.es,0,0,1,2,0,0,0,1,1,0,1,1,1,1,1,1,1
996,halpcenter-acontscheck.esy.es,0,0,1,1,0,0,0,1,1,0,1,1,1,1,1,1,1
